50270149,136361303
50270149,2282618516
50270149,15129265
50270149,48445014
50270149,505218781
50270149,14411230
50270149,19212009
50270149,3221648862
50270149,229765277
50270149,117671365
50270149,1864174380
50270149,2861317614
50270149,715233870
50270149,70915023
50270149,60004770
50270149,2436892921
50270149,125522709
50270149,45358840
50270149,58166411
50270149,376762869
50270149,1021650722
50270149,167981303
50270149,211480424
50270149,114382456
50270149,204355333
50270149,260623950
50270149,109469115
50270149,465509799
50270149,264821123
50270149,217520398
50270149,53370566
50270149,89392090
50270149,50256607
50270149,114310159
50270149,9396072
50270149,227260545
50270149,273825036
50270149,91010321
50270149,176677972
50270149,145217666
50270149,153983303
50270149,223743682
50270149,80455587
50270149,246638177
50270149,121666362
50270149,138254239
50270149,26848764
50270149,135795745
50270149,126780352
50270149,116585717
50270149,138677430
50270149,101997398
50270149,127635597
50270149,109491028
50270149,122963262
50270149,65924904
50270149,15218987
50270149,114726111
50270149,53329464
50270149,21401466
50270149,52537975
50270149,27844479
50270149,63403630
50270149,39839316
50270149,68866198
50270149,86720357
50270149,105166027
50270149,60460318
50270149,24241031
50270149,24190981
50270149,34119271
50270149,33906088
50270149,16096416
125988399,280055276
125988399,1596639318
125988399,87318558
125988399,801363277
125988399,20014300
125988399,4794248368
125988399,71072685
125988399,228072194
125988399,4246511956
125988399,124335068
125988399,398092540
125988399,34507480
125988399,21447363
125988399,17919972
125988399,3236065055
125988399,742937821
125988399,1437179282
125988399,770792437379760129
125988399,333135067
125988399,146139268
125988399,167421802
125988399,14228245
125988399,20271054
125988399,13385712
125988399,375885710
125988399,86265802
125988399,15031351
125988399,197327173
125988399,855465590
125988399,2408304302
125988399,313438248
125988399,84932990
125988399,6362962
125988399,18755507
125988399,38477459
125988399,48674889
125988399,8819552
125988399,555548903
125988399,65184105
125988399,14724725
125988399,28221296
125988399,702699112987279361
125988399,49633125
125988399,33599071
125988399,399710222
125988399,281273174
125988399,2235515508
125988399,26266070
125988399,14323526
125988399,41681027
125988399,76789171
125988399,25341996
125988399,16887549
125988399,21250379
125988399,19803702
125988399,305694283
125988399,23431388
125988399,3242495944
125988399,1416622795
125988399,409713189
125988399,4035503243
125988399,3320478908
125988399,560189116
125988399,744454819285442560
125988399,18732790
125988399,18664100
125988399,3065457896
125988399,3065491472
125988399,1260331754
125988399,105923760
125988399,2165368140
125988399,242512016
125988399,468072653
125988399,7624112
125988399,34189531
125988399,59949396
125988399,3027192986
125988399,73980651
125988399,19058677
125988399,17910183
125988399,1209105888
125988399,121461116
125988399,753890726832812032
125988399,3324813675
125988399,73728922
125988399,2509229423
125988399,1080733412
125988399,4889922387
125988399,2249154740
125988399,300495594
125988399,204061494
125988399,179676136
125988399,17396566
125988399,5392522
125988399,17149397
125988399,78961309
125988399,2355152546
125988399,282193456
125988399,2283429852
125988399,400495835
125988399,419579095
125988399,25455663
125988399,34629240
125988399,3654248067
125988399,219041453
125988399,562362256
125988399,2423100775
125988399,253527338
125988399,614024492
125988399,80480330
125988399,2569261
125988399,1957296494
125988399,404137903
125988399,64827034
125988399,2513983621
125988399,557959193
125988399,410440785
125988399,14222536
125988399,4760694445
125988399,7831092
125988399,23112346
125988399,287018861
125988399,702886233
125988399,326255267
125988399,14173315
125988399,456806128
125988399,1020058453
125988399,6017542
125988399,742143
125988399,5402612
125988399,428333
125988399,14511951
125988399,23818581
125988399,18622869
125988399,5695632
125988399,2347049341
125988399,2467791
125988399,14293310
125988399,807095
125988399,15164565
125988399,30009639
125988399,211318361
125988399,112962217
125988399,231164477
125988399,216965586
125988399,717493189767094272
125988399,21392579
125988399,272516879
125988399,335540047
125988399,232418772
125988399,75647352
125988399,462156189
125988399,21008297
125988399,36206120
125988399,425582603
125988399,98891344
125988399,46446547
125988399,14711077
125988399,14433891
125988399,20985527
125988399,76064988
125988399,301445292
125988399,82113601
125988399,13017572
125988399,37031078
125988399,4019190142
125988399,375837200
125988399,25963448
125988399,19889558
125988399,64338196
125988399,198483905
125988399,1730187144
125988399,308759071
125988399,44183122
125988399,15441074
125988399,30923986
125988399,783214
125988399,816653
125988399,972651
125988399,112236047
125988399,17663756
125988399,15866188
125988399,19769489
125988399,23783692
125988399,381315649
125988399,589686430
125988399,2892455357
125988399,3161564275
125988399,213474069
125988399,16713361
125988399,203246420
125988399,2305817845
125988399,241747585
125988399,4114699773
125988399,27628698
125988399,79807779
125988399,3256001150
125988399,18957524
125988399,14955353
125988399,315626099
125988399,2861248382
125988399,26270913
125988399,245054253
125988399,278164329
125988399,1163905327
125988399,3008713697
125988399,4818416890
125988399,2493407190
125988399,1167410431
125988399,2890399873
125988399,34782431
125988399,18949610
125988399,2443307266
125988399,310584064
125988399,4727986703
125988399,799381514
125988399,411926976
125988399,3344248390
125988399,211366081
125988399,325854603
125988399,957984872
125988399,19537303
125988399,29591914
125988399,1547132840
125988399,826032692
125988399,2658530962
125988399,25407318
125988399,180720589
125988399,901963374
125988399,16547369
125988399,4157501895
125988399,3913594281
125988399,21343866
125988399,630439602
125988399,2255460432
125988399,829583084
125988399,40264700
125988399,3238020127
125988399,187997137
125988399,1109045772
125988399,23151437
125988399,52473062
125988399,459870897
125988399,735550410
125988399,914747238
125988399,3697124003
125988399,97836018
125988399,518828239
125988399,3437576746
125988399,2868316906
125988399,261474096
125988399,92792397
125988399,484160994
125988399,369097183
125988399,3784319533
125988399,370519156
125988399,1675926067
125988399,1930805196
125988399,421816438
125988399,195952554
125988399,39105581
125988399,428984444
125988399,160458480
125988399,390374209
125988399,961000242
125988399,68525317
125988399,3292385008
125988399,205916822
125988399,256152908
125988399,601796167
125988399,14161139
125988399,1721016902
125988399,145836908
125988399,725033863
125988399,58309829
125988399,2711267356
125988399,2439214339
125988399,3809653997
125988399,22303659
125988399,612792368
125988399,28179581
125988399,10939432
125988399,797362568
125988399,911659952
125988399,801209988
125988399,8771022
125988399,126084292
125988399,48494971
125988399,1090299182
125988399,309220197
125988399,2308874037
125988399,36087518
125988399,45676516
125988399,274216402
125988399,183483054
125988399,64913803
125988399,920167122
125988399,346978404
125988399,473993904
125988399,92212233
125988399,1650803845
125988399,26075877
125988399,250146737
125988399,718962486
125988399,3240359146
125988399,3288976463
125988399,19797026
125988399,3327968375
125988399,3370751685
125988399,349102520
125988399,138036790
125988399,213616116
125988399,745117465
125988399,220431587
125988399,365731235
125988399,3138116151
125988399,25140032
125988399,178655402
125988399,23048868
125988399,396824855
125988399,1612390784
125988399,576789012
125988399,566041393
125988399,200303263
125988399,39686004
125988399,1525965008
125988399,3079468770
125988399,304162771
125988399,32431478
125988399,231890381
125988399,324156355
125988399,757829881
125988399,995777167
125988399,387105106
125988399,2726709669
125988399,28404863
125988399,15296916
125988399,522133054
125988399,276471693
125988399,2471873114
125988399,385184634
125988399,35135168
125988399,448291772
125988399,593976032
125988399,170388515
125988399,401444557
125988399,462277683
125988399,308452020
125988399,338601496
125988399,19374728
125988399,1576296402
125988399,2572010402
125988399,351925174
125988399,56828606
125988399,3058926537
125988399,17540485
125988399,32340023
125988399,2837289344
125988399,2738539781
125988399,1556261689
125988399,2990968919
125988399,52301811
125988399,815479777
125988399,2179882402
125988399,129687981
125988399,502450427
125988399,9598012
125988399,1651810134
125988399,17567609
125988399,60865434
125988399,17432667
125988399,427687153
125988399,1205322793
125988399,2696442295
125988399,180007418
125988399,2180947967
125988399,973115611
125988399,2357447144
125988399,287258424
125988399,95691907
125988399,248881383
125988399,3111422243
125988399,844475496
125988399,702228245
125988399,2511870621
125988399,102406695
125988399,343383715
125988399,57072508
125988399,65674570
125988399,227068096
125988399,31701678
125988399,49815944
125988399,327322985
125988399,23231793
125988399,247168201
125988399,94344882
125988399,26325329
125988399,3207490049
125988399,3306995800
125988399,51766643
125988399,39692698
125988399,208094881
125988399,1020383864
125988399,331698457
125988399,703849056
125988399,19208491
125988399,19240410
125988399,195553783
125988399,1908223440
125988399,86223714
125988399,3244583293
125988399,5416872
125988399,2867615866
125988399,1344990402
125988399,2380874322
125988399,30636107
125988399,708116912
125988399,1442065099
125988399,369164954
125988399,25294791
125988399,484342754
125988399,900938246
125988399,3181561
125988399,59515801
125988399,16572439
125988399,598792568
125988399,896055366
125988399,20052176
125988399,18518883
125988399,1719810200
125988399,26166109
125988399,144468466
125988399,243291480
125988399,30648358
125988399,2193941539
125988399,2165563142
125988399,27853795
125988399,16402111
125988399,111807360
125988399,3036988192
125988399,3015789221
125988399,279881553
125988399,799217310
125988399,160119819
125988399,3035495808
125988399,1406381786
125988399,792645156
125988399,39364348
125988399,1692735631
125988399,480063072
125988399,2878817753
125988399,41675633
125988399,34750474
125988399,2712669400
125988399,37695476
125988399,2580950123
125988399,390368969
125988399,35495652
125988399,57810568
125988399,3111437975
125988399,2568133689
125988399,1799138082
125988399,75315872
125988399,3290426193
125988399,748316486
125988399,2561349286
125988399,152710955
125988399,3122144942
125988399,54332954
125988399,872371532
125988399,2922301211
125988399,23955980
125988399,2216798538
125988399,67908819
125988399,283818111
125988399,427058592
125988399,182799873
125988399,849476322
125988399,197283387
125988399,2623441911
125988399,2185035620
125988399,323588684
125988399,2571970507
125988399,1511268781
125988399,275277633
125988399,630522603
125988399,96894270
125988399,180646880
125988399,314902184
125988399,103691914
125988399,3135363549
125988399,3180093403
125988399,550590019
125988399,1925940463
125988399,361198445
125988399,41594475
125988399,289971638
125988399,337201029
125988399,2585974519
125988399,2615232109
125988399,575541482
125988399,29533564
125988399,41234221
125988399,513966841
125988399,314309419
125988399,211104252
125988399,454014954
125988399,2837792470
125988399,2298760537
125988399,2482874109
125988399,361001452
125988399,50138369
125988399,117592688
125988399,172367742
125988399,61031917
125988399,711373699
125988399,546529320
125988399,92606919
125988399,718644506
125988399,95069839
125988399,1278532208
125988399,214300582
125988399,2781052820
125988399,2311142023
125988399,292965313
125988399,264730507
125988399,3014813831
125988399,490670663
125988399,379408088
125988399,221888293
125988399,813509670
125988399,715328826
125988399,19314542
125988399,478342628
125988399,2810418473
125988399,17698182
125988399,196569802
125988399,2907040563
125988399,67060838
125988399,90915795
125988399,188248038
125988399,603676339
125988399,453557592
125988399,51795510
125988399,1223111562
125988399,305807661
125988399,2307031129
125988399,452317081
125988399,327044868
125988399,2271992081
125988399,2701744052
125988399,2147534132
125988399,147423909
125988399,388015341
125988399,3026898375
125988399,18498877
125988399,596955258
125988399,2172992503
125988399,362137948
125988399,2902980868
125988399,75425262
125988399,383994325
125988399,2552316902
125988399,1960089002
125988399,2259518760
125988399,567458613
125988399,600674221
125988399,28002344
125988399,21696768
125988399,38248642
125988399,134779280
125988399,476192961
125988399,240897392
125988399,35153402
125988399,96043210
125988399,302359007
125988399,115716483
125988399,2568498475
125988399,192631414
125988399,1713924144
125988399,1704113976
125988399,80283268
125988399,459847380
125988399,28922514
125988399,14237134
125988399,1589238732
125988399,538478243
125988399,2868247088
125988399,20160715
125988399,876949772
125988399,307273477
125988399,54684281
125988399,283644120
125988399,368652379
125988399,1093626115
125988399,2285209412
125988399,329261640
125988399,136121453
125988399,2770724158
125988399,23025999
125988399,869153850
125988399,45758543
125988399,30965505
125988399,2805539449
125988399,2246354059
125988399,497344721
125988399,67967488
125988399,352864288
125988399,1927208472
125988399,184378577
125988399,66290935
125988399,512482242
125988399,16673153
125988399,10852852
125988399,389141590
125988399,24543305
125988399,996343506
125988399,262288965
125988399,41545709
125988399,24984440
125988399,152124206
125988399,40954273
125988399,105962691
125988399,1054164996
125988399,2790383661
125988399,824451098
125988399,312148777
125988399,2553528192
125988399,351312907
125988399,21766392
125988399,31221650
125988399,45075617
125988399,829388377
125988399,46664685
125988399,83985061
125988399,1515916333
125988399,123259702
125988399,2610703422
125988399,15915354
125988399,86104358
125988399,162958919
125988399,81671791
125988399,360974149
125988399,50190857
125988399,124023502
125988399,1550472631
125988399,238686420
125988399,1881386359
125988399,366806220
125988399,29873693
125988399,123748538
125988399,2466107856
125988399,16485411
125988399,1971648841
125988399,1315922874
125988399,305913040
125988399,796989804
125988399,368739283
125988399,375078399
125988399,68554822
125988399,867332401
125988399,2285108402
125988399,2354393830
125988399,1123931270
125988399,152252248
125988399,2305903215
125988399,945928994
125988399,2968712307
125988399,182641834
125988399,17338902
125988399,39051054
125988399,232916803
125988399,24813475
125988399,365422473
125988399,1152383294
125988399,1231223720
125988399,58545637
125988399,48119573
125988399,24424028
125988399,2529765820
125988399,47133143
125988399,47841677
125988399,93408372
125988399,14342018
125988399,47434088
125988399,25560228
125988399,620341892
125988399,27356570
125988399,14772478
125988399,342520643
125988399,17699980
125988399,183825345
125988399,2729673754
125988399,45041211
125988399,310996520
125988399,41384401
125988399,31331740
125988399,539113195
125988399,20575992
125988399,17879741
125988399,2282807424
125988399,34909413
125988399,25684274
125988399,625906744
125988399,49360363
125988399,2566126260
125988399,31428651
125988399,399861208
125988399,1633406418
125988399,34402904
125988399,14534968
125988399,970789358
125988399,579198296
125988399,2793212169
125988399,2387320209
125988399,46919814
125988399,259258573
125988399,29174742
125988399,2202395457
125988399,273554322
125988399,50766588
125988399,2160746044
125988399,2586538520
125988399,2664531990
125988399,180540065
125988399,222551733
125988399,1236970663
125988399,88569457
125988399,2855885418
125988399,1345869420
125988399,40056376
125988399,182989774
125988399,160728036
125988399,2786345407
125988399,2853001801
125988399,1111664311
125988399,2370487777
125988399,2875533139
125988399,43117309
125988399,39307519
125988399,396929508
125988399,585741662
125988399,1052020562
125988399,1216631424
125988399,30678153
125988399,5627092
125988399,2824029322
125988399,246081869
125988399,636056766
125988399,2204076073
125988399,561478385
125988399,2566633946
125988399,2754740901
125988399,619650010
125988399,354625352
125988399,703322924
125988399,45492070
125988399,1585434216
125988399,481753893
125988399,2153334625
125988399,507313640
125988399,303029387
125988399,1198207254
125988399,84279963
125988399,176566242
125988399,158314798
125988399,105119490
125988399,181561712
125988399,27732294
125988399,1428943928
125988399,317515805
125988399,218915512
125988399,252291138
125988399,447976071
125988399,75900098
125988399,64575272
125988399,1287238424
125988399,21726650
125988399,225206492
125988399,17646630
125988399,40949228
125988399,1136995711
125988399,14605852
125988399,869947369
125988399,95480101
125988399,16160001
125988399,96846955
125988399,55072675
125988399,66253
125988399,21175271
125988399,14301804
125988399,834238700
125988399,980881248
125988399,269939652
125988399,2335049608
125988399,1537729885
125988399,1551315554
125988399,414329608
125988399,7751502
125988399,22111770
125988399,56829922
125988399,84900292
125988399,1069027322
125988399,72089702
125988399,388370775
125988399,379107576
125988399,23667607
125988399,437088808
125988399,1627626433
125988399,45068560
125988399,26633934
125988399,41597230
125988399,2214362932
125988399,25169901
125988399,440538114
125988399,2486608178
125988399,636211811
125988399,33374210
125988399,41701818
125988399,391413280
125988399,1392680558
125988399,338448050
125988399,33177874
125988399,56895706
125988399,28394144
125988399,44207541
125988399,28297753
125988399,2218411574
125988399,132708764
125988399,346670872
125988399,409665547
125988399,594122709
125988399,1244246545
125988399,242784686
125988399,851609870
125988399,58767609
125988399,315245919
125988399,44648514
125988399,1873050188
125988399,80962630
125988399,65621536
125988399,703492728
125988399,1473018104
125988399,629724728
125988399,2292341122
125988399,33067948
125988399,36455986
125988399,1547059525
125988399,138291310
125988399,323749525
125988399,2752919671
125988399,1895825420
125988399,244988670
125988399,2314750866
125988399,74810783
125988399,2584503524
125988399,306204177
125988399,487795006
125988399,14525716
125988399,500309759
125988399,269582430
125988399,301455747
125988399,68024942
125988399,22282253
125988399,364351338
125988399,42222237
125988399,468588961
125988399,18517432
125988399,15098381
125988399,14506586
125988399,209708391
125988399,553874202
125988399,2564161959
125988399,268066518
125988399,554614504
125988399,45283887
125988399,267959594
125988399,61692637
125988399,758581670
125988399,64808324
125988399,67443899
125988399,36965329
125988399,233748544
125988399,304846157
125988399,77375306
125988399,356035473
125988399,255577410
125988399,2618066919
125988399,92644405
125988399,253335497
125988399,302913791
125988399,465015575
125988399,221512134
125988399,270472786
125988399,245576161
125988399,114270926
125988399,1416257287
125988399,30427763
125988399,63679556
125988399,58358647
125988399,14275828
125988399,20158208
125988399,1412804414
125988399,602155855
125988399,27171885
125988399,16882506
125988399,81450422
125988399,1090805581
125988399,16246315
125988399,53069877
125988399,394773777
125988399,93754965
125988399,401659938
125988399,162488290
125988399,593019380
125988399,1056512744
125988399,396665319
125988399,2536396297
125988399,112748754
125988399,540077387
125988399,1284301633
125988399,29291244
125988399,2495284514
125988399,182613715
125988399,258245677
125988399,15450734
125988399,30076443
125988399,484255505
125988399,37819766
125988399,1290550819
125988399,21663865
125988399,119975567
125988399,321761212
125988399,186073733
125988399,412657268
125988399,1952331558
125988399,2591310811
125988399,1100901552
125988399,1166536507
125988399,287529853
125988399,316707562
125988399,6674432
125988399,1059285732
125988399,115749062
125988399,569648064
125988399,225544240
125988399,316936799
125988399,126396499
125988399,420048640
125988399,1132028526
125988399,788451901
125988399,19095815
125988399,775828940
125988399,905909340
125988399,43990801
125988399,19262227
125988399,377090663
125988399,95580783
125988399,1633337244
125988399,414038777
125988399,19482699
125988399,97737085
125988399,297651467
125988399,2154496955
125988399,21662482
125988399,148866388
125988399,265569296
125988399,100955684
125988399,2513866303
125988399,19728507
125988399,1686557456
125988399,1519586238
125988399,2379344205
125988399,64183429
125988399,2595405148
125988399,26880934
125988399,2369156509
125988399,2390253152
125988399,2218039371
125988399,71183380
125988399,25054380
125988399,122475048
125988399,424532312
125988399,1202349066
125988399,1549368481
125988399,2352013916
125988399,1637067236
125988399,517822874
125988399,2395639464
125988399,128078469
125988399,57127537
125988399,29916455
125988399,255775191
125988399,2260495473
125988399,22031404
125988399,128709262
125988399,2246021202
125988399,24735302
125988399,366172898
125988399,302826069
125988399,318733902
125988399,1226190938
125988399,135024945
125988399,715060789
125988399,251178222
125988399,1101276643
125988399,21254189
125988399,288418067
125988399,299474368
125988399,1932084368
125988399,1566945768
125988399,1458650156
125988399,27948884
125988399,269813050
125988399,20524917
125988399,32906904
125988399,216980813
125988399,56669858
125988399,1403225978
125988399,339999196
125988399,15026096
125988399,18208172
125988399,15485441
125988399,187325809
125988399,612662672
125988399,156736924
125988399,19777398
125988399,2482756280
125988399,945220710
125988399,735630104
125988399,2279298398
125988399,76539665
125988399,337986842
125988399,1344919338
125988399,402059915
125988399,36357727
125988399,231753473
125988399,20255162
125988399,153826386
125988399,14996251
125988399,250794114
125988399,89587925
125988399,237439162
125988399,17461978
125988399,164621897
125988399,1945365282
125988399,62513246
125988399,158777509
125988399,30782495
125988399,374822255
125988399,99956048
125988399,209994211
125988399,632340157
125988399,16685316
125988399,356882524
125988399,1030758798
125988399,273093951
125988399,67686246
125988399,56758031
125988399,24775528
125988399,114801712
125988399,32156068
125988399,79650494
125988399,65186457
125988399,26046257
125988399,75449249
125988399,31293110
125988399,41885153
125988399,442936761
125988399,16635956
125988399,23499247
125988399,16664830
125988399,331778586
125988399,378077496
125988399,129934245
125988399,132646498
125988399,17610785
125988399,1945273274
125988399,51319932
125988399,16025616
125988399,24385941
125988399,129984019
125988399,1114744130
125988399,466970060
125988399,99340528
125988399,707614602
125988399,101477465
125988399,123665680
125988399,20828188
125988399,77319267
125988399,27030848
125988399,15845496
125988399,52507949
125988399,92162698
125988399,401146706
125988399,26259480
125988399,30590834
125988399,204103394
125988399,12253402
125988399,103614264
125988399,171536717
125988399,450003828
125988399,181240369
125988399,69195852
125988399,75094638
125988399,39292169
125988399,256373594
125988399,345436180
125988399,396104922
125988399,99579591
125988399,148559407
125988399,470780278
125988399,613842173
125988399,304267310
125988399,22458668
125988399,569577646
125988399,24114418
125988399,23438844
125988399,256409561
125988399,14110861
125988399,121630627
125988399,53853197
125988399,63796828
125988399,191949202
125988399,27260086
125988399,294270762
125988399,16745243
125988399,5649582
125988399,24966423
125988399,19418707
125988399,38709939
125988399,21111883
125988399,462495192
125988399,51100690
125988399,500042487
125988399,31927467
125988399,37604523
125988399,49346055
125988399,240502579
125988399,26905456
125988399,78482616
125988399,174486405
125988399,44570946
125988399,14749383
125988399,35338217
125988399,43302753
125988399,179932936
125988399,76469979
125988399,18725854
125988399,1679071
125988399,296973810
125988399,14193993
125988399,36756075
125988399,35182141
125988399,46497414
125988399,96141450
125988399,16498628
125988399,16468758
125988399,19679993
125988399,29776514
125988399,27022403
125988399,16252536
125988399,15304141
125988399,28534252
125988399,115485051
125988399,14068834
125988399,339317066
125988399,25592034
125988399,110549395
125988399,343623356
125988399,12733352
125988399,20641995
125988399,65289126
125988399,9166462
125988399,15566503
125988399,15985017
125988399,42758775
125988399,176502906
125988399,297724739
125988399,17088779
125988399,21525579
125988399,23690344
125988399,21904217
125988399,23990483
125988399,79238164
125988399,198830228
125988399,23560015
125988399,29271362
125988399,44138335
125988399,38897004
125988399,14266331
125988399,264213456
125988399,17350250
125988399,29243941
125988399,268812665
125988399,16824090
125988399,226645499
125988399,43971981
125988399,33578424
125988399,12322812
125988399,15259815
125988399,17263345
125988399,20333958
125988399,16697875
125988399,85841744
125988399,19517377
125988399,64117576
125988399,18464358
125988399,15484952
125988399,25807343
125988399,17916625
125988399,18997166
125988399,15169907
125988399,183367295
125988399,19790013
125988399,14194833
125988399,26911711
125988399,18469696
125988399,3517121
125988399,14706004
125988399,57153463
125988399,236849001
125988399,13790282
125988399,23564534
125988399,116757569
125988399,5513352
125988399,18588279
125988399,51241574
125988399,7846
125988399,3108351
125988399,20449691
125988399,50687788
125988399,8964132
125988399,15470403
125988399,14596223
125988399,29117221
125988399,24250586
125988399,63814441
125988399,20152072
125988399,24331634
125988399,42712551
125988399,18217304
125988399,28785486
125988399,14743694
125988399,8567882
125988399,16492009
125988399,17525171
125988399,82655893
125988399,19524050
125988399,201758871
125988399,23622564
125988399,11133462
125988399,152253981
125988399,24699467
125988399,110259410
125988399,46912748
125988399,22015573
125988399,32910226
125988399,15680097
125988399,16588157
125988399,80628196
125988399,39811240
125988399,100641898
125988399,28578374
125988399,51171395
125988399,8115852
125988399,55588946
125988399,38760803
125988399,87485426
125988399,20696032
125988399,21400079
125988399,133805590
125988399,2899231
125988399,16317694
125988399,10228272
125988399,52554231
125988399,18873213
125988399,111630733
125988399,17629533
125988399,20629957
125988399,6988672
125988399,87890922
125988399,34689980
125988399,58022502
125988399,112768738
125988399,11332
125988399,26349687
125988399,64005054
125988399,18902638
125988399,20186953
125988399,18082466
125988399,15782216
125988399,14768193
125988399,16365636
125988399,122291013
125988399,123574362
125988399,15291351
125988399,28718503
125988399,30274144
125988399,125340249
125988399,156686871
125988399,14626565
125988399,17137511
125988399,16019357
125988399,21676423
125988399,26979069
125988399,16925288
125988399,14709636
125988399,20554644
125988399,22201334
125988399,20482393
125988399,17332386
125988399,69981632
125988399,21030402
125988399,150433
125988399,33474507
125988399,166739404
125988399,40943685
125988399,90472093
125988399,12025412
125988399,99802007
125988399,28727860
125988399,15662130
125988399,52742774
125988399,94522691
125988399,14999996
125988399,15456404
125988399,19786864
125988399,20337764
125988399,23989333
125988399,21760985
125988399,75662405
125988399,27902805
125988399,138072063
125988399,154169398
125988399,19195914
125988399,29447001
125988399,74804903
125988399,153852282
125988399,55031886
125988399,29534372
125988399,19144018
125988399,59187112
125988399,57418344
125988399,160982414
125988399,12828822
125988399,30969442
125988399,8598692
125988399,15951855
125988399,2367911
125988399,23015326
125988399,24016767
125988399,821193
125988399,15772523
125988399,36352492
125988399,14062180
125988399,21212823
125988399,9466582
125988399,18634843
125988399,15626978
125988399,15727981
125988399,15767400
125988399,115497491
125988399,5872172
125988399,16746493
125988399,21384333
125988399,96403909
125988399,14766284
125988399,11997592
125988399,22667142
125988399,22127274
125988399,46475424
125988399,9411482
125988399,14074803
125988399,18671218
125988399,7506962
125988399,14586850
125988399,23655857
125988399,41501555
125988399,16379018
125988399,152255240
125988399,62635535
125988399,23457974
125988399,16955991
125988399,19924866
125988399,788524
125988399,8350912
125988399,7587032
125988399,13212502
125988399,649673
125988399,16887175
125988399,24700876
125988399,1652541
125988399,15572679
125988399,19110109
125988399,17446277
125988399,17469289
125988399,14085040
125988399,40297195
125988399,46207622
125988399,35821471
125988399,24767930
125988399,15518666
125988399,9229672
125988399,14957318
125988399,16558796
125988399,15513604
125988399,759251
125988399,16331756
125988399,23820899
125988399,43425975
125988399,26820715
125988399,15292226
125988399,24708169
125988399,79986279
125988399,19424427
125988399,17792620
125988399,40076725
125988399,24212070
125988399,23603092
125988399,20998647
125988399,7744592
125988399,15270978
125988399,61593861
125988399,2836421
125988399,16807921
125988399,14178674
125988399,21202146
125988399,24695250
125988399,30532866
125988399,15069263
125988399,16060342
125988399,42243079
125988399,76046548
125988399,15486823
125988399,19329393
125988399,16943394
125988399,23494843
125988399,16084877
125988399,6080772
125988399,36443298
125988399,19538986
125988399,11866022
125988399,16434105
125988399,5391882
125988399,16059281
125988399,26636928
125988399,11856482
125988399,19789299
125988399,20071863
125988399,14287191
125988399,24668720
125988399,23464695
125988399,18766727
125988399,36264361
125988399,8131652
125988399,54140780
125988399,33890206
125988399,138471877
125988399,17173775
125988399,46748249
125988399,15676578
125988399,16312576
125988399,25394970
125988399,21217034
125988399,29330577
125988399,49541799
125988399,80086767
125988399,18750510
125988399,14709355
125988399,15764273
125988399,14076231
125988399,25178185
125988399,14385055
125988399,39641810
125988399,23648057
125988399,11532872
125988399,30259824
125988399,17815836
125988399,14424031
125988399,9048222
125988399,21472765
125988399,23404157
125988399,120266319
125988399,69142736
125988399,6778832
125988399,112692031
125988399,15428715
125988399,63362034
125988399,22548403
125988399,33388492
125988399,18456798
125988399,31994367
125988399,15584607
125988399,16146445
125988399,26893155
125988399,22698594
125988399,12459972
125988399,15575630
125988399,15293352
125988399,7175082
125988399,15811608
125988399,16462922
125988399,19111507
125988399,15085260
125988399,14276628
125988399,16513416
125988399,16028382
125988399,12292722
125988399,16912794
125988399,25589776
125988399,17219108
125988399,17365337
125988399,66156073
125988399,23756339
125988399,89635979
125988399,16211434
125988399,14844081
125988399,14363353
125988399,1429761
125988399,1774391
125988399,14928556
125988399,19311802
125988399,95559776
125988399,5120511
125988399,14599470
125988399,21138613
125988399,8658682
125988399,53750665
125988399,12356582
125988399,18384223
125988399,15645639
125988399,34008772
125988399,17653817
125988399,19847843
125988399,21920965
125988399,15846407
125988399,26585095
2896348639,3178572670
2896348639,456525263
2896348639,754505179492339712
2896348639,3179349653
2896348639,3475125912
2896348639,4362428596
2896348639,157376297
2896348639,185484067
2896348639,1612411987
2896348639,202162302
2896348639,2286649565
2896348639,39949795
2896348639,156233019
2896348639,2233651936
2896348639,388614006
2896348639,3931120702
2896348639,4900890784
2896348639,104437599
2896348639,1961583534
2896348639,1074542594
2896348639,1468843566
2896348639,182541256
2896348639,590776084
2896348639,158968531
2896348639,337259015
2896348639,1468415569
2896348639,1437120692
2896348639,1093569487
2896348639,1070871780
2896348639,493947370
2896348639,1713067260
2896348639,156986894
2896348639,295204574
2896348639,1913468732
2896348639,73914636
2896348639,311357813
2896348639,2265128282
2896348639,1321319004
2896348639,983437980
2896348639,1429145191
2896348639,2273274931
2896348639,105920882
2896348639,2281474801
2896348639,324747283
2896348639,3833278222
2896348639,357250590
2896348639,1116593786
2896348639,980594214
2896348639,1976226804
2896348639,1907478518
2896348639,1732323216
2896348639,933210151
2896348639,314077818
2896348639,4819286693
2896348639,3383000373
2896348639,480347923
2896348639,2871244754
2896348639,3616357633
2896348639,2327569844
2896348639,2746356657
2896348639,603693731
2896348639,343050036
2896348639,2485747130
2896348639,3239988417
2896348639,2946221697
2896348639,608622917
2896348639,4770857703
2896348639,567362865
2896348639,700669711411867649
2896348639,753679231
2896348639,374243268
2896348639,310497751
2896348639,2444347849
2896348639,1228033027
2896348639,2291989712
2896348639,2557311168
2896348639,325247983
2896348639,2427329305
2896348639,2951761342
2896348639,454201085
2896348639,3246220348
2896348639,18043865
2896348639,364785653
2896348639,254843679
2896348639,3651686535
2896348639,2776382851
2896348639,2844427163
2896348639,3899950277
2896348639,3214414929
2896348639,68009641
2896348639,1662414246
2896348639,46448513
2896348639,626444770
2896348639,186342425
2896348639,3251703923
2896348639,2319140095
2896348639,1060698019
2896348639,108717417
2896348639,73521008
2896348639,153825124
2896348639,2203382244
2896348639,101608621
2896348639,1058660875
2896348639,2293515882
2896348639,3027441303
2896348639,3346524874
2896348639,2183076796
2896348639,726805093291544580
2896348639,270865879
2896348639,2996832159
2896348639,2152460434
2896348639,579714424
2896348639,887742529
2896348639,2929539386
2896348639,2603568182
2896348639,28007535
2896348639,3011529077
2896348639,633364819
2896348639,711621636672323585
2896348639,20319639
2896348639,542969756
2896348639,179529349
2896348639,464539868
2896348639,1924196306
2896348639,414710433
2896348639,2491735760
2896348639,2233278769
2896348639,715943596743073792
2896348639,3275057102
2896348639,3000106098
2896348639,463030058
2896348639,16833314
2896348639,280648280
2896348639,163097196
2896348639,1631787606
2896348639,1452156498
2896348639,2794489614
2896348639,3783640223
2896348639,4049021248
2896348639,3957903886
2896348639,227006459
2896348639,730779834
2896348639,4518843796
2896348639,861993150
2896348639,759454135
2896348639,2156299840
2896348639,765037321
2896348639,538529270
2896348639,22840845
2896348639,599666249
2896348639,415850821
2896348639,1518399654
2896348639,1663234706
2896348639,1949254082
2896348639,3446575633
2896348639,1452647540
2896348639,762684342
2896348639,40660766
2896348639,3260082678
2896348639,1691914032
2896348639,387501542
2896348639,80543233
2896348639,335504665
2896348639,17093617
2896348639,399582416
2896348639,156004026
2896348639,298042075
2896348639,2251890771
2896348639,3395928339
2896348639,287149858
2896348639,2938422927
2896348639,2289561154
2896348639,1614704893
2896348639,1393027777
2896348639,161170202
2896348639,3004156585
2896348639,337654119
2896348639,2459911170
2896348639,2289782300
2896348639,720538646
2896348639,2750898261
2896348639,351223932
2896348639,282732800
2896348639,202344675
2896348639,2360862459
2896348639,796831898
2896348639,2433733889
2896348639,314467688
2896348639,9126092
2896348639,1619273756
2896348639,1927582003
2896348639,405861369
2896348639,155608922
2896348639,456822565
2896348639,1015443444
2896348639,23642213
2896348639,300973648
2896348639,70915224
2896348639,262924059
2896348639,2555730962
2896348639,137050655
2896348639,85778050
2896348639,166449779
2896348639,582191458
2896348639,461639025
2896348639,88832470
2896348639,144083497
2896348639,21447363
141116825,2671064959
141116825,759251
141116825,203625987
141116825,23484631
141116825,26961480
141116825,26180278
141116825,63796828
141116825,22536055
141116825,237487220
141116825,30968086
141116825,210684204
141116825,27678749
141116825,15792387
141116825,69144576
141116825,275556592
141116825,73276698
141116825,25602083
141116825,221382131
141116825,3325382141
141116825,2905385227
141116825,766072177
141116825,168740493
141116825,59949396
141116825,515034648
141116825,1951639321
141116825,608622917
141116825,424821037
141116825,243442402
141116825,771116670
141116825,842510258
141116825,2632614887
141116825,268414482
141116825,16038939
141116825,1910025074
141116825,310779652
141116825,133841335
141116825,95023423
141116825,2184431308
141116825,492399548
141116825,906624650
141116825,29756339
141116825,201157030
141116825,85452649
141116825,628211045
141116825,58166411
141116825,635145278
141116825,149590738
141116825,292517483
141116825,531883217
141116825,637316480
141116825,549452034
141116825,39717779
141116825,761889313
141116825,406745433
141116825,42819831
141116825,21355920
141116825,153983850
141116825,59196112
141116825,19460003
141116825,66281347
141116825,63363218
141116825,298406798
141116825,55364612
141116825,283913337
141116825,741848670
141116825,90942338
141116825,741888853
141116825,197716997
141116825,54094042
141116825,340079163
141116825,434416577
141116825,308349554
141116825,187129136
141116825,35927867
141116825,24622655
141116825,72379182
141116825,103211147
141116825,368072829
141116825,171873129
141116825,27989078
141116825,21807925
141116825,24949048
141116825,121439995
141116825,22898423
141116825,16803519
141116825,39218809
141116825,39762092
141116825,39119869
141116825,452073494
141116825,91861303
141116825,44454008
141116825,222288312
141116825,217520109
141116825,35656317
141116825,27818748
141116825,549448473
141116825,498426680
141116825,24144190
141116825,57926143
141116825,264047842
141116825,23531300
141116825,71857631
141116825,344416626
141116825,360568159
141116825,360354085
141116825,51310500
141116825,83310083
141116825,254668127
141116825,79293791
141116825,363542447
141116825,465229780
141116825,282239784
141116825,249811346
141116825,32783709
141116825,24045088
141116825,302781770
141116825,396647978
141116825,211132007
141116825,20528312
141116825,260558209
141116825,65241184
141116825,139390709
141116825,327338963
141116825,130734452
141116825,185371834
141116825,171960289
141116825,30782495
141116825,36008570
141116825,254780458
141116825,244338797
141116825,109067968
141116825,235454705
141116825,37656169
141116825,286457510
141116825,150963016
141116825,284542088
141116825,31539615
141116825,40625612
141116825,31239408
141116825,287923410
141116825,126403816
141116825,21148293
141116825,24929621
141116825,108215328
141116825,12266442
141116825,40441460
141116825,15330347
141116825,139328156
141116825,32503010
141116825,18382034
141116825,275934616
141116825,38660951
141116825,16245840
141116825,23617610
141116825,289759808
141116825,145821251
141116825,23741531
141116825,55415156
141116825,305201244
141116825,196493228
141116825,72402972
141116825,314820950
141116825,73953984
141116825,176922315
141116825,26090319
141116825,307734051
141116825,59637063
141116825,156856557
141116825,35197431
141116825,33157356
141116825,83987242
141116825,25253190
141116825,181068380
141116825,32917485
141116825,40415424
141116825,19902330
141116825,26116556
141116825,226725894
141116825,270616162
141116825,15858184
141116825,71747490
141116825,26299390
141116825,24664692
141116825,121584240
141116825,38292798
141116825,30704824
141116825,32049158
141116825,53233433
141116825,110475629
141116825,21982079
141116825,130059118
141116825,51992784
141116825,24518212
141116825,177525487
141116825,176420005
141116825,184772827
141116825,217739812
141116825,26995650
141116825,48013814
141116825,21339923
141116825,189734996
141116825,27974691
141116825,73130047
141116825,207069740
141116825,35652168
141116825,89029487
141116825,42135458
141116825,158710048
141116825,48262391
141116825,44070641
141116825,21425125
141116825,31044097
141116825,25583906
141116825,18091209
141116825,27830835
141116825,21255978
141116825,34116028
141116825,19397785
141116825,31688095
141116825,65992743
141116825,21447363
141116825,81781729
141116825,53487649
141116825,73729372
141116825,27778893
141116825,168155301
141116825,159442367
141116825,27262174
141116825,37588831
141116825,26752661
141116825,24631354
141116825,43273860
141116825,49381709
141116825,95325647
141116825,19329393
141116825,32697273
141116825,66604944
141116825,148232761
141116825,135097147
141116825,27526457
141116825,27824381
141116825,28724870
141116825,83662223
141116825,29425243
141116825,47064362
141116825,24726394
141116825,30403975
141116825,94405286
141116825,29876175
141116825,136775336
141116825,29366952
141116825,38036118
141116825,29168069
141116825,41540269
141116825,39915568
141116825,41851843
141116825,35456766
141116825,79228906
141116825,31177080
141116825,90954554
141116825,56148895
141116825,108371540
141116825,47294871
141116825,45899481
141116825,46576295
141116825,27766018
141116825,36314303
141116825,29403856
141116825,40646793
141116825,33148984
141116825,25253808
141116825,36909887
141116825,27406401
141116825,16409683
141116825,35094637
141116825,14230524
141116825,52939106
141116825,14523801
141116825,14288822
141116825,15846407
141116825,53153263
141116825,34971500
141116825,25365536
606062334,362091314
606062334,30016344
606062334,806590989846642688
606062334,63198398
606062334,779416353019203584
606062334,443529647
606062334,120153772
606062334,2444144282
606062334,3378228717
606062334,313374642
606062334,702147673651027968
606062334,51241574
606062334,732348073792274432
606062334,154101116
606062334,344779704
606062334,60152652
606062334,1416512366
606062334,1339835893
606062334,47216804
606062334,741466857715163136
606062334,1157406157
606062334,776198324747575297
606062334,767797887300276224
606062334,2230742972
606062334,3329728037
606062334,3145330281
606062334,762785217274753024
606062334,199565175
606062334,762630851289030656
606062334,52791522
606062334,880450975
606062334,103606800
606062334,2740435740
606062334,714092267158519808
606062334,2724673089
606062334,731177206681112581
606062334,4634435302
606062334,99407275
606062334,763544392342745090
606062334,1587790970
606062334,309469832
606062334,523447678
606062334,158966061
606062334,3275352889
606062334,4669412971
606062334,4831698684
606062334,759967461823352832
606062334,31196202
606062334,192326624
606062334,3409218533
606062334,20119672
606062334,759151537297952768
606062334,742890878537080832
606062334,746410186995228673
606062334,2806605233
606062334,356988734
606062334,3050778004
606062334,3003147459
606062334,3318183170
606062334,3461853252
606062334,4765934779
606062334,3196534662
606062334,2553192907
606062334,841180478
606062334,3297024673
606062334,3220167514
606062334,2200858796
606062334,48435330
606062334,1093569487
606062334,2847258711
606062334,3358056310
606062334,3158128076
606062334,2733873137
606062334,3327790169
606062334,322198801
606062334,717553778526961664
606062334,3367027153
606062334,27601164
606062334,792690960
606062334,351259443
606062334,52207856
606062334,1644681228
606062334,218127993
606062334,7004532
606062334,24979293
606062334,726929119380955136
606062334,1276118245
606062334,21778272
606062334,3224661212
606062334,2155365456
606062334,2474719489
606062334,977280494
606062334,181642095
606062334,716083382061568000
606062334,448696652
606062334,55641726
606062334,591416071
606062334,167264412
606062334,942132433
606062334,897861037
606062334,2904172474
606062334,3713381055
606062334,48725618
606062334,114318640
606062334,2663611406
606062334,3251389579
606062334,1272807248
606062334,1188026798
606062334,115991103
606062334,336450762
606062334,113432053
606062334,553970515
606062334,108371540
606062334,277668619
606062334,498819548
606062334,2187263959
606062334,2308786470
606062334,712476530383970305
606062334,4914577191
606062334,2622351165
606062334,2849539178
606062334,1638935101
606062334,17565514
606062334,429298552
606062334,398458864
606062334,288304848
606062334,2222492065
606062334,3399600269
606062334,2149586916
606062334,721326040
606062334,403901890
606062334,701277252693004289
606062334,3689392697
606062334,84396121
606062334,467049861
606062334,1378000488
606062334,2436210614
606062334,161493728
606062334,2893511188
606062334,362655140
606062334,3053338062
606062334,100766356
606062334,3303284014
606062334,321185456
606062334,2940971657
606062334,3139738885
606062334,39364684
606062334,3431587709
606062334,2995641356
606062334,25917171
606062334,1632256309
606062334,2180170945
606062334,1228671205
606062334,245605247
606062334,140937441
606062334,20565284
606062334,39949795
606062334,388614006
606062334,22162854
606062334,2989051075
606062334,14996529
606062334,2238506726
606062334,26795522
606062334,17918492
606062334,2721907989
606062334,26443701
606062334,379408088
606062334,3328256232
606062334,855527822
606062334,3436177540
606062334,21502768
606062334,327491528
606062334,2803685721
606062334,898614354
606062334,1186334450
606062334,21526685
606062334,516108397
606062334,2394512460
606062334,25365536
606062334,400859272
606062334,556401242
606062334,57130701
606062334,17880503
606062334,259023448
606062334,3124176334
606062334,1599255392
606062334,248914379
606062334,876836425
606062334,285865367
606062334,22759855
606062334,70915224
606062334,1519767624
606062334,3069326950
606062334,3252087981
606062334,3278809183
606062334,21761673
606062334,1075101176
606062334,101120909
606062334,1594735560
606062334,17911470
606062334,1072035846
606062334,92793164
606062334,2436140299
606062334,2896348639
606062334,1377915955
606062334,3245395775
606062334,326292008
606062334,258635486
606062334,17953019
606062334,266326458
606062334,440452226
606062334,3089941363
606062334,733481892
606062334,2952419903
606062334,66456914
606062334,493822188
606062334,3196136969
606062334,3221758014
606062334,16143507
606062334,1093090866
606062334,1536791610
606062334,2661989837
606062334,1163893735
606062334,356249947
606062334,332055144
606062334,492399548
606062334,14075928
606062334,21720480
606062334,2958642883
606062334,79293791
606062334,2505678012
606062334,1638940790
606062334,2940428370
606062334,24937141
606062334,40099803
606062334,155128025
606062334,1151965298
606062334,1129845690
606062334,108991331
606062334,2513669916
606062334,2438808708
606062334,269240453
606062334,558207819
606062334,2751460478
606062334,232725909
606062334,176668158
606062334,2604921094
606062334,243682230
606062334,35472084
606062334,2591549521
606062334,212730262
606062334,231430632
606062334,64259689
606062334,32257709
606062334,72877467
606062334,2806427519
606062334,2456979144
606062334,2480954209
606062334,838524373
606062334,2576344456
606062334,1598879306
606062334,113439399
606062334,276540738
606062334,2214438253
606062334,202270342
606062334,255316854
606062334,20547637
606062334,545642235
606062334,2613121768
606062334,19454858
606062334,2591828958
606062334,566848434
606062334,128315143
606062334,174343494
606062334,225472499
606062334,497613325
606062334,74631814
606062334,855375404
606062334,311559343
606062334,31350277
606062334,757962012
606062334,2206416985
606062334,15879853
606062334,2806877646
606062334,2660713320
606062334,777516984
606062334,2604603842
606062334,21683323
606062334,474391877
606062334,410934170
606062334,2729784743
606062334,30642538
606062334,39144373
606062334,219025528
606062334,25144304
606062334,199277399
606062334,357318897
606062334,56783491
606062334,185419635
606062334,45709328
606062334,457141274
606062334,360362024
606062334,285759319
606062334,618599993
606062334,32917485
606062334,2593358502
606062334,24947497
606062334,623541058
606062334,2581642298
606062334,215696856
606062334,63056402
606062334,173199373
606062334,308262327
606062334,2838043430
606062334,1018579128
606062334,35787166
606062334,2743078772
606062334,1452156498
606062334,397472636
606062334,95242299
606062334,337259015
606062334,1761777403
606062334,6326302
606062334,194942468
606062334,71843744
606062334,16098642
606062334,174224039
606062334,331086898
606062334,1515629996
606062334,81391343
606062334,1849025143
606062334,18522310
606062334,22148825
606062334,2360504304
606062334,501338037
606062334,65256429
606062334,349720645
606062334,2347215913
606062334,53233433
606062334,512603747
606062334,623282024
606062334,219126735
606062334,72408459
606062334,1693295317
606062334,271593526
606062334,322691432
606062334,499504914
606062334,435437144
606062334,1686135410
606062334,939102074
606062334,232089835
606062334,7846
606062334,472895838
606062334,2372966803
606062334,26116556
606062334,25023809
606062334,7744592
606062334,102666678
606062334,1026809455
606062334,174086705
606062334,19829645
606062334,22157258
606062334,700259350
606062334,1587470478
606062334,156856557
606062334,1046732064
606062334,1112764278
606062334,559653946
606062334,1888339555
606062334,1662166464
606062334,582020987
606062334,621159872
606062334,522637356
606062334,187706117
606062334,84227585
606062334,536761627
606062334,293063462
606062334,541232268
606062334,130734452
606062334,405061014
606062334,2448771127
606062334,716726642
606062334,544119212
606062334,1711323174
606062334,1851338587
606062334,18043865
606062334,2599922498
606062334,18156146
606062334,1666553653
606062334,2377061296
606062334,241499173
606062334,2594172542
606062334,21355920
606062334,613718362
606062334,464212719
606062334,636420894
606062334,30925378
606062334,2557192910
606062334,967471800
606062334,965134453
606062334,1292691972
606062334,624103278
606062334,44441179
606062334,36104812
606062334,275934616
606062334,17243213
606062334,101798589
606062334,17135313
606062334,1526623333
606062334,1449051751
606062334,2513862268
606062334,531694448
606062334,1567067359
606062334,375890360
606062334,294628590
606062334,356866129
606062334,1611695198
606062334,827162184
606062334,32283677
606062334,1000454233
606062334,314980825
606062334,373516455
606062334,1077716994
606062334,418036333
606062334,624953558
606062334,513579733
606062334,1344951
606062334,34561870
606062334,103012173
606062334,2177477860
606062334,509109906
606062334,613157183
606062334,1649663899
606062334,1236662870
606062334,1575804186
606062334,528736128
606062334,2281153608
606062334,2391547024
606062334,222241275
606062334,2380797678
606062334,1059012284
606062334,555548903
606062334,602993818
606062334,28207101
606062334,183172542
606062334,801558066
606062334,72664019
606062334,49709710
606062334,1045756998
606062334,328385228
606062334,71747490
606062334,62396008
606062334,262924059
606062334,36890809
606062334,633364819
606062334,32049158
606062334,189734996
606062334,24840770
606062334,162596550
606062334,27743648
606062334,9629222
606062334,360512992
606062334,537895704
606062334,564492238
606062334,40415424
606062334,383972915
606062334,186342425
606062334,30191257
606062334,88832470
606062334,158968531
606062334,814077948
606062334,1323563226
606062334,742428872
606062334,636175655
606062334,608622917
606062334,489909344
606062334,79776752
606062334,231140085
606062334,340233256
606062334,23694956
606062334,48636179
606062334,5695632
606062334,220945950
606062334,1029443174
606062334,2192327458
606062334,514646075
606062334,16998020
606062334,398161855
606062334,21216996
606062334,633867443
606062334,880753194
606062334,153694176
606062334,592152195
606062334,121254571
606062334,1223208685
606062334,25402789
606062334,448226915
606062334,143552619
606062334,1387920146
606062334,51104437
606062334,405883943
606062334,28208983
606062334,46186400
606062334,9695312
606062334,137050655
606062334,61003804
606062334,180418331
606062334,503457189
606062334,20908109
606062334,301182041
606062334,15485441
606062334,627321333
606062334,292458641
606062334,19777398
606062334,85895619
606062334,564131608
606062334,380399508
606062334,596471477
606062334,8771022
606062334,56209534
606062334,17857167
606062334,762461360
606062334,453639974
606062334,1729487390
606062334,53153263
606062334,39601084
606062334,512446262
606062334,726095156
606062334,16193578
606062334,480758972
606062334,144083497
606062334,132774626
606062334,510825815
606062334,521249166
606062334,602708087
606062334,37338814
606062334,293620209
606062334,1668999458
606062334,239514604
606062334,112060551
606062334,46116615
606062334,1636108453
606062334,50517206
606062334,413242604
606062334,274221086
606062334,23689629
606062334,21590830
606062334,16824090
606062334,2367911
606062334,350916837
606062334,596912223
606062334,20630639
606062334,73509411
606062334,535436903
606062334,34654972
606062334,138572163
606062334,18916212
606062334,105340932
606062334,30973
606062334,1198988510
606062334,448044957
606062334,775395210
606062334,1628567228
606062334,910740853
606062334,293111466
606062334,18450106
606062334,898508934
606062334,11018442
606062334,1065862190
606062334,19955482
606062334,475248949
606062334,548097546
606062334,1238875825
606062334,148977431
606062334,494417056
606062334,102903198
606062334,16038438
606062334,19879313
606062334,15661871
606062334,818284082
606062334,598540507
606062334,328233137
606062334,26090319
606062334,216141934
606062334,394216985
606062334,21886583
606062334,428333
606062334,254333914
606062334,15575251
606062334,363417269
606062334,17095739
606062334,64495817
606062334,35764757
606062334,14904191
606062334,34175976
606062334,86391789
606062334,209994211
606062334,90202078
606062334,16619881
606062334,15119140
606062334,18949610
606062334,12891562
606062334,17919972
606062334,15666380
606062334,14345566
606062334,61592079
606062334,31353077
606062334,123678437
606062334,14111650
606062334,7831092
606062334,23902123
606062334,222628051
606062334,1183041
606062334,341218443
606062334,552121630
606062334,217911721
606062334,12611642
606062334,10350
606062334,49703956
606062334,7081402
606062334,225096034
606062334,7861622
606062334,18812795
606062334,15846407
606062334,362286999
606062334,90420314
606062334,15249156
606062334,59949396
606062334,166739404
606062334,7861312
606062334,43822174
606062334,234187000
606062334,49110693
606062334,59347826
606062334,169312057
606062334,62513246
606062334,21447363
337921759,49616273
337921759,15279958
337921759,14740219
337921759,17230018
337921759,30973
337921759,2194696542
337921759,36170305
337921759,313916789
337921759,14293310
337921759,32166535
337921759,9695312
337921759,40863897
337921759,596893898
337921759,28164096
337921759,2651565121
337921759,87493961
337921759,17243213
337921759,22650211
337921759,21258337
337921759,93936628
337921759,9629222
337921759,7593662
337921759,19777398
337921759,76785359
337921759,28201743
337921759,15966494
337921759,18682378
337921759,14399483
337921759,818011314
337921759,12133382
337921759,388521369
337921759,20245775
337921759,389569325
337921759,2238162535
337921759,19936078
337921759,1339835893
337921759,80628196
337921759,36139712
337921759,16909049
337921759,85401970
337921759,1440641
337921759,1032290077
337921759,755953153
337921759,174593833
337921759,335534204
337921759,1330457336
337921759,74712538
337921759,1342420130
337921759,71294756
337921759,250386727
337921759,373471064
337921759,882637292
337921759,18009781
337921759,807095
337921759,14791044
337921759,18228898
337921759,15485441
337921759,43024351
337921759,2367911
337921759,140699869
337921759,22720074
337921759,384745322
337921759,268439864
337921759,290202114
337921759,277180205
337921759,104974333
337921759,40924038
337921759,177019825
337921759,85788068
337921759,47288005
337921759,270005881
337921759,121389491
337921759,4101221
337921759,254274083
337921759,96795310
337921759,44229128
337921759,77512825
337921759,29749448
337921759,18812301
337921759,20479813
337921759,288452305
337921759,469478156
337921759,783214
337921759,386244525
337921759,25589776
337921759,249393823
337921759,242634589
337921759,14282672
337921759,393426231
337921759,43152482
337921759,74580436
337921759,76023925
337921759,50826280
337921759,68330395
337921759,89084561
337921759,20793816
337921759,27911944
337921759,14230524
337921759,19248106
337921759,22699770
337921759,48504743
20793816,113963
20793816,3298340918
20793816,1114550934
20793816,57547570
20793816,260706183
20793816,15896161
20793816,2474800166
20793816,31890415
20793816,1460844540
20793816,587617156
20793816,41756113
20793816,313030505
20793816,2312865314
20793816,170762003
20793816,12031452
20793816,3427133866
20793816,18499779
20793816,400155006
20793816,332488856
20793816,43456775
20793816,42086728
20793816,104017977
20793816,16124492
20793816,333393132
20793816,182556900
20793816,45039072
20793816,185398072
20793816,69472809
20793816,310383526
20793816,1532757679
20793816,6089902
20793816,45638381
20793816,127715658
20793816,1621075399
20793816,312223125
20793816,44766002
20793816,4816258702
20793816,20487840
20793816,66857283
20793816,199420716
20793816,122998483
20793816,29841782
20793816,2892893806
20793816,2890090225
20793816,66823674
20793816,16052150
20793816,395687284
20793816,359062263
20793816,83281985
20793816,83167482
20793816,471491867
20793816,294916290
20793816,267876158
20793816,383662817
20793816,610256125
20793816,3383864104
20793816,177226966
20793816,46895924
20793816,4229929160
20793816,1071048168
20793816,4679404339
20793816,142083806
20793816,2788360858
20793816,22729287
20793816,568212158
20793816,3168955881
20793816,17722766
20793816,51261116
20793816,158416377
20793816,46241174
20793816,116497428
20793816,2403153523
20793816,89190238
20793816,71580439
20793816,532222615
20793816,541447782
20793816,3428875275
20793816,49530767
20793816,1597149992
20793816,257626250
20793816,2765557546
20793816,32467357
20793816,23383858
20793816,2615278714
20793816,2830280810
20793816,289201655
20793816,140849685
20793816,386486270
20793816,3843081
20793816,25522022
20793816,3013935351
20793816,25169645
20793816,15506669
20793816,1078637612
20793816,223309187
20793816,28265820
20793816,215414636
20793816,3401575935
20793816,431010071
20793816,62614267
20793816,2905440476
20793816,3105218778
20793816,3170646053
20793816,3188326577
20793816,19338359
20793816,2149613827
20793816,85741735
20793816,2715212179
20793816,3027155415
20793816,2329150328
20793816,2835606110
20793816,2902435381
20793816,309366491
20793816,973363854
20793816,273755298
20793816,734493
20793816,2548772490
20793816,2390062825
20793816,2421079436
20793816,732077598
20793816,818503099
20793816,17602896
20793816,62589395
20793816,1924031048
20793816,1924007096
20793816,525853846
20793816,917801455
20793816,343682047
20793816,297095786
20793816,142794547
20793816,81236738
20793816,104966032
20793816,97032860
20793816,166707531
20793816,247483633
20793816,21593484
20793816,212014346
20793816,148904509
20793816,102141753
20793816,50057526
20793816,66780587
20793816,209004862
20793816,234051381
20793816,186222238
20793816,26426173
20793816,19795597
20793816,84249568
20793816,28377083
20793816,30309257
20793816,51140674
20793816,17220817
20793816,19787989
20793816,14172201
20793816,19787712
20793816,17445595
20793816,15447248
20793816,1922861
20793816,20005307
20793816,14740219
113436270,189362860
113436270,333905611
113436270,3236558747
113436270,2847767865
113436270,64760815
113436270,2482342586
113436270,1884213313
113436270,35824754
113436270,32155220
113436270,2871245505
113436270,17681513
113436270,46233559
113436270,36690579
113436270,74501824
113436270,964522206
113436270,27908189
113436270,126632581
113436270,1677056665
113436270,266412900
113436270,30470733
113436270,513369881
113436270,113514650
113436270,48269483
113436270,3240420332
113436270,815537202
113436270,4315767072
113436270,3036972734
113436270,198220885
113436270,423211359
113436270,3131075314
113436270,3839281753
113436270,3431962781
113436270,3722825895
113436270,171947254
113436270,12266442
113436270,18094552
113436270,3291167966
113436270,28090945
113436270,1152232039
113436270,29249227
113436270,3272027149
113436270,246639380
113436270,54658106
113436270,828294498
113436270,94120287
113436270,21447363
113436270,3300469528
113436270,414504213
113436270,3014456189
113436270,262010306
113436270,594899860
113436270,524920756
113436270,3116045806
113436270,1620771378
113436270,565468351
113436270,48890812
113436270,96939820
113436270,68924570
113436270,1258106227
113436270,2327359038
113436270,228161829
113436270,26917714
113436270,172592119
113436270,2808901136
113436270,633308082
113436270,1375391942
113436270,257436924
113436270,29861904
113436270,1468663544
113436270,2778878838
113436270,1537330052
113436270,1904630665
113436270,8236062
113436270,13784592
113436270,97576151
113436270,20726007
113436270,75065396
113436270,104078615
113436270,568617623
113436270,101162092
113436270,2989062947
113436270,57917441
113436270,2355204798
113436270,2911273553
113436270,2898905916
113436270,2891090635
113436270,316135630
113436270,14800620
113436270,2831659676
113436270,339213152
113436270,331044051
113436270,270426480
113436270,77359099
113436270,550779378
113436270,608471159
113436270,758461772
113436270,787725710
113436270,1271292211
113436270,478197210
113436270,1495946743
113436270,2281050469
113436270,2333911405
113436270,920125542
113436270,1575913850
113436270,414968875
113436270,291725473
113436270,2450450323
113436270,2668723981
113436270,2671535676
113436270,25033090
113436270,1864786651
113436270,76690806
113436270,34278049
113436270,2513110176
113436270,2480098010
113436270,126406217
113436270,2407823387
113436270,319387069
113436270,23544596
113436270,454296312
113436270,411059513
113436270,28709890
113436270,20383098
113436270,38065144
113436270,257199215
113436270,218330520
113436270,424475156
113436270,178597438
113436270,1605332408
113436270,1077255152
113436270,55766259
113436270,248485297
113436270,18837800
113436270,183070914
113436270,316930979
113436270,78225646
113436270,23497233
113436270,26378137
113436270,1078684026
113436270,226359536
113436270,1046534486
113436270,71829119
113436270,267470182
113436270,8362632
113436270,37027797
113436270,60677043
113436270,423565838
113436270,336182025
113436270,1508096402
113436270,17059535
113436270,132744957
113436270,61082749
113436270,491886158
113436270,71174380
113436270,40891218
113436270,99219983
113436270,375934065
113436270,979088414
113436270,21757147
113436270,861897272
113436270,141029991
113436270,40436497
113436270,22852832
113436270,241385312
113436270,860229138
113436270,73720521
113436270,39665434
113436270,23931180
113436270,26317640
113436270,45875161
113436270,17290304
113436270,248928149
113436270,80950627
113436270,502254541
113436270,180505807
113436270,118544945
113436270,431937011
113436270,422103995
113436270,12191322
113436270,264627250
113436270,491542341
113436270,515834545
113436270,543548398
113436270,21035496
113436270,28841001
113436270,28035339
113436270,27502368
113436270,214242944
113436270,7117002
113436270,486731729
113436270,18470556
113436270,288969082
113436270,443240936
113436270,27706595
113436270,69279690
113436270,592404529
113436270,138272217
113436270,59625694
113436270,112558885
113436270,346255763
113436270,17958622
113436270,327809168
113436270,403895152
113436270,282259953
113436270,394678214
113436270,14329898
113436270,174294536
113436270,292407042
113436270,44517932
113436270,309853320
113436270,20360222
113436270,379858900
113436270,19678499
113436270,63507238
113436270,345635978
113436270,355521110
113436270,351167463
113436270,68908266
113436270,108388786
113436270,36344925
113436270,13713322
113436270,18158519
113436270,17323733
113436270,16643805
113436270,59189151
113436270,346065391
113436270,20547724
113436270,25700535
113436270,300264427
113436270,43391422
113436270,145499533
113436270,50826280
113436270,16125932
113436270,15141786
113436270,20538692
113436270,18237711
113436270,17588246
113436270,96678964
113436270,35290804
113436270,20699769
113436270,33713649
113436270,80639613
113436270,15347446
113436270,298698027
113436270,74946194
113436270,26404548
113436270,87161740
113436270,16471138
113436270,19016115
113436270,254835131
113436270,45180003
113436270,46044330
113436270,63148732
113436270,254354295
113436270,59309109
113436270,37711837
113436270,22843562
113436270,165590494
113436270,29899836
113436270,74214728
113436270,268051726
113436270,270736041
113436270,50326979
113436270,221400909
113436270,273265158
113436270,274731749
113436270,30565758
113436270,12762142
113436270,249044724
113436270,31264004
113436270,113251692
113436270,258627464
113436270,215281969
113436270,241165694
113436270,59180074
113436270,14405285
113436270,20154994
113436270,150120631
113436270,75934261
113436270,250966046
113436270,233706277
113436270,16342690
113436270,37868953
113436270,23465125
113436270,83757863
113436270,189082236
113436270,245727418
113436270,18598008
113436270,87274711
113436270,247383043
113436270,157586421
113436270,22556744
113436270,87505841
113436270,18653350
113436270,30183464
113436270,84447226
113436270,163619816
113436270,53297035
113436270,50205873
113436270,74609788
113436270,28074588
113436270,33096011
113436270,16305330
113436270,53496184
113436270,71028123
113436270,18583722
113436270,43283406
113436270,34793170
113436270,93414495
113436270,20861943
113436270,16445753
113436270,15773190
113436270,112267674
113436270,239687253
113436270,14517441
113436270,14514332
113436270,21098714
113436270,20384485
113436270,227868993
113436270,237801800
113436270,16252601
113436270,17347170
113436270,19691240
113436270,110456483
113436270,86365953
113436270,7121092
113436270,90081495
113436270,56812773
113436270,32920194
113436270,17207019
113436270,71413402
113436270,55681124
113436270,74856631
113436270,76188271
113436270,35831704
113436270,14836841
113436270,36774735
113436270,20175817
113436270,17237127
113436270,14620891
113436270,15324912
113436270,81381301
113436270,14615094
113436270,28145061
113436270,48784753
113436270,6826692
113436270,52437361
113436270,24244304
113436270,113124565
113436270,16121871
113436270,19560893
113436270,54951973
113436270,12844642
113436270,84148352
113436270,31557531
113436270,16751105
113436270,152830699
113436270,22267583
113436270,28068059
113436270,67918705
113436270,200591027
113436270,19629414
113436270,14312841
113436270,21466569
113436270,15275075
113436270,18651005
113436270,23037751
113436270,1183041
113436270,215387196
113436270,176313336
113436270,201402883
113436270,16027904
113436270,25357255
113436270,34926496
113436270,26292579
113436270,22550317
113436270,16266769
113436270,20772869
113436270,58589634
113436270,34990361
113436270,44305007
113436270,61571610
113436270,58056062
113436270,2874831
113436270,1177521
113436270,10072282
113436270,16262506
113436270,18038269
113436270,22692379
113436270,14595992
113436270,20104965
113436270,66561957
113436270,14550264
113436270,70065718
113436270,61393773
113436270,14701341
113436270,27649492
113436270,79565103
113436270,65135642
113436270,128355630
113436270,14982804
113436270,90066223
113436270,16875176
113436270,67425106
113436270,32726425
113436270,24804973
113436270,41229669
113436270,28706024
113436270,18177317
113436270,22361130
113436270,22931877
113436270,22678277
113436270,23918872
113436270,15122826
113436270,18261895
113436270,22566494
113436270,25192675
113436270,63779673
113436270,17718592
113436270,22563769
113436270,16643079
113436270,36795569
113436270,21193261
113436270,17933570
113436270,104607443
113436270,19370618
113436270,4099171
113436270,43651623
113436270,165283463
113436270,14805775
113436270,14782218
113436270,21362105
113436270,14803861
113436270,17875867
113436270,104235481
113436270,17530277
113436270,160625708
113436270,69794704
113436270,47656170
113436270,25044336
113436270,72667853
113436270,23923668
113436270,14585409
113436270,79293791
113436270,23859156
113436270,147384180
113436270,35879215
113436270,21388237
113436270,13134572
113436270,15469103
113436270,153045334
113436270,153137720
113436270,42833950
113436270,36480008
113436270,69487846
113436270,20000626
113436270,23779324
113436270,56436152
113436270,88856581
113436270,14177942
113436270,30172537
113436270,41747557
113436270,90558778
113436270,91000238
113436270,42627762
113436270,21321244
113436270,44240930
113436270,39983824
113436270,57445489
113436270,18705768
113436270,86231643
113436270,50639643
113436270,177689507
113436270,127053659
113436270,19100625
113436270,135905637
113436270,114375031
113436270,17998573
113436270,65120103
113436270,20811847
113436270,25710086
113436270,18667696
113436270,20813338
113436270,44310663
113436270,43145808
113436270,36218435
113436270,21107926
113436270,16233647
113436270,26913553
113436270,23532035
113436270,38078047
113436270,15423869
113436270,23042789
113436270,113439399
113436270,14327983
113436270,6487292
113436270,41215523
113436270,44418012
113436270,55653202
113436270,73454182
113436270,17076726
113436270,30278753
113436270,97081276
113436270,707913
113436270,40983194
113436270,29599584
113436270,15111389
113436270,155538057
113436270,23978613
113436270,34663865
113436270,30050648
113436270,15925947
113436270,12912
113436270,19110109
113436270,14089195
113436270,101900420
113436270,21244475
113436270,15910041
113436270,17948322
113436270,15811181
113436270,10541702
113436270,40280441
113436270,9617702
113436270,17718497
113436270,61346129
113436270,32370701
113436270,7280882
113436270,6211972
