298042075,784773360823795713,1
298042075,3388255222,11
298042075,72245880,51
298042075,298042075,271
298042075,3239988417,27
298042075,21447363,678
298042075,633364819,2
298042075,2628362171,5
298042075,887183342,1
298042075,50517206,16
298042075,45709328,3
298042075,105119490,1
298042075,1682801258,1
298042075,318062292,1
298042075,3260082678,1
298042075,180418331,23
298042075,86107125,1
298042075,14230524,3
298042075,4018447283,1
298042075,17107316,1
298042075,18522310,6
298042075,743432061088899073,2
298042075,91478624,2
298042075,243682230,9
298042075,32917485,14
298042075,29123186,10
298042075,364513528,3
298042075,18043865,7
298042075,1620869588,1
298042075,28897926,2
298042075,16679529,2
298042075,169686021,2
298042075,248402075,1
298042075,753301318345822209,3
298042075,72873410,1
298042075,635441044,19
298042075,287163388,1
298042075,27195114,1
298042075,40268530,1
298042075,17531553,1
298042075,3253522017,8
298042075,181572333,2
298042075,3119687914,1
298042075,275934616,5
298042075,26116556,11
298042075,19013887,1
298042075,2228881206,1
298042075,23006082,1
298042075,559653946,1
298042075,2206759811,1
298042075,2203382244,1
298042075,60832804,54
298042075,30354991,1
298042075,23497233,7
298042075,22107140,4
298042075,14790966,4
298042075,38530157,1
298042075,21355920,14
298042075,708889078406598657,1
298042075,782298112010231808,1
298042075,1484881525,1
298042075,227021756,2
298042075,158903852,1
298042075,3403934734,1
298042075,35447432,4
298042075,2706163776,19
298042075,2746356657,1
298042075,4560832347,1
298042075,2768135039,3
298042075,1910851992,12
298042075,14222536,1
298042075,2999929853,10
298042075,2165353962,1
298042075,1498832700,12
298042075,393600602,7
298042075,551231427,8
298042075,15693493,1
298042075,15941955,1
298042075,1201985281,16
298042075,190179067,1
298042075,718844211928383488,1
298042075,123142805,1
298042075,418371498,1
298042075,714192173466521600,1
298042075,523616409,1
298042075,31239408,1
298042075,87215756,3
298042075,39426309,2
298042075,180505807,3
298042075,4619510833,1
298042075,15858184,5
298042075,21590830,1
298042075,15846407,2
298042075,19784831,1
298042075,90852659,17
298042075,781913473362063360,2
298042075,14366556,2
298042075,163097196,1
298042075,932889649,1
298042075,18156146,9
298042075,931356104,4
298042075,567362865,7
298042075,3434579087,1
298042075,40415424,4
298042075,189801036,1
298042075,2808038765,3
298042075,3823848513,4
298042075,3259002002,1
298042075,172852591,1
298042075,526283347,1
298042075,2912410973,1
298042075,4904970461,1
298042075,88832470,23
298042075,37632896,4
298042075,2956597534,3
298042075,229031772,5
298042075,2644942115,3
298042075,6832772,2
298042075,61291070,1
298042075,127328676,5
298042075,58913261,1
298042075,1156532173,1
298042075,86764079,1
298042075,46448513,9
298042075,2896348639,23
298042075,149013831,2
298042075,753989035,1
298042075,2277508815,1
298042075,3006820096,1
298042075,4100425932,1
298042075,9695312,12
298042075,153474021,1
298042075,1339835893,18
298042075,8370082,1
298042075,856825200,1
298042075,253503717,1
298042075,115514485,1
298042075,1181887550,1
298042075,3181978992,1
298042075,32419107,5
298042075,482163544,1
298042075,17230018,4
298042075,3307218826,1
298042075,1519824062,3
298042075,3761804313,1
298042075,751806823922069504,1
298042075,1907478518,3
298042075,2759873826,1
298042075,34655603,1
298042075,68009641,1
298042075,17919972,1
298042075,2971326503,6
298042075,16998020,2
298042075,46576295,1
298042075,139385179,2
298042075,39473013,2
298042075,137050655,15
298042075,7744592,1
298042075,1523187972,5
298042075,381142952,1
298042075,779072990,1
298042075,21007030,1
298042075,2603784114,1
298042075,14772687,1
298042075,61248272,4
298042075,156004026,27
298042075,1515629996,1
298042075,78613092,1
298042075,26020465,2
298042075,184910040,2
298042075,155705264,2
298042075,24197869,1
298042075,3300647763,1
298042075,105243154,1
298042075,1565674220,2
298042075,221382131,10
298042075,15676578,1
298042075,99465710,1
298042075,590776084,10
298042075,15392391,1
298042075,95955871,1
298042075,1665635378,5
298042075,121525005,1
298042075,262924059,30
298042075,103602549,5
298042075,144083497,37
298042075,21246105,1
298042075,44638776,1
298042075,24098016,1
298042075,39010829,1
298042075,36890809,3
298042075,50083860,1
298042075,890576167,2
298042075,15892162,1
298042075,24371807,3
298042075,520230690,17
298042075,818063834,1
298042075,16544437,11
298042075,247969535,1
298042075,15279429,1
298042075,3388383183,5
298042075,2410483836,1
298042075,197164569,1
298042075,275020671,1
298042075,80371182,2
298042075,3957514401,3
298042075,3033189805,2
298042075,380285402,1
298042075,109602157,1
298042075,633930660,1
298042075,293733396,1
298042075,331039469,1
298042075,24929621,1
298042075,556227627,1
298042075,400812780,4
298042075,65069875,4
298042075,555515904,3
298042075,39327976,5
298042075,443216748,1
298042075,376502929,1
298042075,2960294259,1
298042075,189734996,4
298042075,3317815582,4
298042075,726267709927899136,1
298042075,1411464715,1
298042075,339961742,2
298042075,3322658421,1
298042075,32049158,2
298042075,544927764,1
298042075,133203880,1
298042075,3241101903,5
298042075,3245119433,6
298042075,42819484,1
298042075,171923281,4
298042075,2879602773,8
298042075,4518843796,1
298042075,37517004,1
298042075,17057271,1
298042075,400334965,1
298042075,4203605194,1
298042075,42105329,2
298042075,39325978,1
298042075,2830634335,1
298042075,20275150,1
298042075,223047786,2
298042075,276254736,1
298042075,2439032786,2
298042075,558961804,1
298042075,5695632,5
298042075,524363210,1
298042075,1527128514,3
298042075,3443817742,1
298042075,1549849946,1
298042075,60290041,1
298042075,3034946495,1
298042075,18916212,1
298042075,141894553,1
298042075,14761583,1
298042075,2748585072,1
298042075,31328425,1
298042075,388614006,3
298042075,24322323,1
298042075,375213492,2
298042075,34947001,1
298042075,38142665,1
298042075,31277095,1
298042075,28512836,2
298042075,2168160445,3
298042075,337567056,2
298042075,608622917,5
298042075,49956788,3
298042075,17232815,1
298042075,2898771918,4
298042075,25023809,7
298042075,38803325,2
298042075,688583,1
298042075,54141779,1
298042075,18224935,1
298042075,342667792,1
298042075,27542933,1
298042075,1424253758,1
298042075,136361303,3
298042075,20547637,3
298042075,2380369404,1
298042075,377582164,1
298042075,2886460828,1
298042075,702942034399780864,1
298042075,3666831795,1
298042075,1150945620,3
298042075,1372552416,1
298042075,26528121,1
298042075,586671909,2
298042075,19919446,1
298042075,23136007,2
298042075,67819221,1
298042075,2405025397,1
298042075,25421094,1
298042075,16193578,1
298042075,726470514135449600,7
298042075,19296130,1
298042075,90556897,1
298042075,26813101,1
298042075,443215941,1
298042075,370397292,3
298042075,540621074,3
298042075,18334825,1
298042075,710409714765529088,1
298042075,254843679,3
298042075,419985075,1
298042075,28201743,2
298042075,102103425,1
298042075,562534417,2
298042075,898724112,1
298042075,95916311,1
298042075,274136212,2
298042075,25326324,1
298042075,815537202,3
298042075,500089281,1
298042075,109852285,1
298042075,16881711,1
298042075,63157933,1
298042075,153735023,2
298042075,22557318,1
298042075,241203791,14
298042075,462495192,1
298042075,2550371564,1
298042075,70765254,1
298042075,200277623,1
298042075,321994097,4
298042075,3004227477,2
298042075,726928194,1
298042075,79293791,3
298042075,390647806,2
298042075,18582762,1
298042075,364825726,2
298042075,248140749,6
298042075,1066458944,3
298042075,758658974334017536,3
298042075,92921210,1
298042075,2267753522,1
298042075,174593833,2
298042075,21111883,2
298042075,23561980,1
298042075,701607056,1
298042075,271040369,1
298042075,30328015,1
298042075,42562190,1
298042075,36723478,1
298042075,869692946,1
298042075,90021519,1
298042075,74501824,1
298042075,3119988399,1
298042075,1223343517,1
298042075,97739866,1
298042075,14946736,1
298042075,35030520,1
298042075,79873687,3
298042075,16534038,1
298042075,286350105,1
298042075,73339488,2
298042075,78529033,1
298042075,20536157,1
298042075,19362299,1
298042075,2945587503,1
298042075,3246943240,1
298042075,3226937092,1
298042075,23559503,2
298042075,62290422,1
298042075,3048251074,1
298042075,490660207,2
298042075,110217655,1
298042075,4136957721,2
298042075,626384623,2
298042075,27778893,1
298042075,31539615,1
298042075,130549887,1
298042075,18667907,1
298042075,2735071709,10
298042075,25268660,1
298042075,3327720838,1
298042075,21592255,1
298042075,558810910,1
298042075,163645988,1
298042075,1735777579,1
298042075,19425947,1
298042075,308017059,1
298042075,358330954,8
298042075,1415536602,1
298042075,720916277808730113,1
298042075,626618600,1
298042075,835866085,1
298042075,3127176741,1
298042075,1183868652,1
298042075,2305526487,1
298042075,257053448,1
298042075,2463404516,1
298042075,404278590,1
298042075,771930742007992320,1
298042075,89309437,2
298042075,3102411101,2
298042075,310067739,1
298042075,330428440,1
298042075,3282702576,4
298042075,460373644,1
298042075,25589776,1
298042075,77027156,1
298042075,74594552,1
298042075,243381107,1
298042075,740627917294739456,3
298042075,1002564138,3
298042075,3383781280,1
298042075,1305412669,6
298042075,738935744,1
298042075,28144053,1
298042075,22148825,1
298042075,119694155,2
298042075,14780915,1
298042075,277141454,7
298042075,35787166,3
298042075,4408114301,1
298042075,2517755643,1
298042075,2614560729,1
298042075,132161939,6
298042075,542969756,1
298042075,2980243065,1
298042075,123091839,3
298042075,703042811,1
298042075,27260086,1
298042075,14399483,6
298042075,537895704,2
298042075,347565642,1
298042075,365071261,1
298042075,276615036,3
298042075,389560508,1
298042075,191100463,1
298042075,15966532,1
298042075,71018626,1
298042075,95765406,1
298042075,145499533,3
298042075,725665248280236032,1
298042075,338084918,1
298042075,3097918779,1
298042075,31457243,2
298042075,411691554,1
298042075,2174548143,1
298042075,305090620,3
298042075,182541256,1
298042075,748020092,1
298042075,10228272,1
298042075,1636067372,2
298042075,369993178,1
298042075,373358185,1
298042075,354905457,2
298042075,43122860,2
298042075,136945539,1
298042075,106317808,2
298042075,1927582003,1
298042075,550552666,1
298042075,23613479,2
298042075,1428196904,2
298042075,3402939495,1
298042075,2965521257,1
298042075,1241893903,1
298042075,1138124064,1
298042075,1256245554,1
298042075,2328981821,1
298042075,800433540,4
298042075,95074104,1
298042075,106364715,1
298042075,2966833750,1
298042075,278504161,1
298042075,126633700,1
298042075,1538716921,1
298042075,740165629928452096,1
298042075,3134310819,1
298042075,25964071,1
298042075,2458450326,2
298042075,196183954,1
298042075,1137647366,2
298042075,102121230,2
298042075,310100032,2
298042075,457554412,1
298042075,16978929,2
298042075,234450843,1
298042075,6018802,1
298042075,213008986,1
298042075,2233651936,2
298042075,1713067260,1
298042075,2584995155,1
298042075,2375207744,1
298042075,1933878608,3
298042075,311117351,1
298042075,260679731,2
298042075,512700138,4
298042075,312822263,1
298042075,49437246,2
298042075,20641995,1
298042075,2395135189,1
298042075,2946221697,6
298042075,3056142064,4
298042075,1358167417,3
298042075,1219935366,2
298042075,156986894,1
298042075,624055727,1
298042075,71584155,2
298042075,1674121741,1
298042075,3245135844,2
298042075,1649447540,1
298042075,1330457336,1
298042075,3313706340,1
298042075,16883787,1
298042075,3835121835,1
298042075,1598879306,3
298042075,597568389,1
298042075,16263148,1
298042075,1226347741,2
298042075,236699098,1
298042075,2157580082,6
298042075,3331513779,3
298042075,213428254,1
298042075,42688701,1
298042075,59949396,1
298042075,293063462,1
298042075,2970128147,1
298042075,252813485,1
298042075,440701508,1
298042075,3077561992,1
298042075,2654691344,3
298042075,2817373963,1
298042075,807331592,1
298042075,168740493,4
298042075,145022473,1
298042075,39949795,1
298042075,224382306,1
298042075,48790519,1
298042075,788202223,3
298042075,2233331521,1
298042075,450901287,1
298042075,2690908021,1
298042075,64603502,1
298042075,14718218,1
298042075,2830720945,2
298042075,27725199,1
298042075,268414482,2
298042075,770903240,2
298042075,364449351,1
298042075,2778805019,1
298042075,988470608,1
298042075,705789186771701760,8
298042075,1711588303,3
298042075,22162854,1
298042075,765037321,2
298042075,996284370,1
298042075,532962873,1
298042075,147960463,1
298042075,1731707149,2
298042075,476391433,1
298042075,4047121097,1
298042075,1011136728,1
298042075,107300673,1
298042075,2958642883,2
298042075,17174309,2
298042075,179529349,3
298042075,70207762,1
298042075,169532257,1
298042075,39218552,1
298042075,2877008927,1
298042075,130893902,1
298042075,214942749,1
298042075,455693105,1
298042075,2887266454,1
298042075,16234029,3
298042075,73272348,1
298042075,2945697166,1
298042075,67847343,1
298042075,16639381,1
298042075,2572758781,1
298042075,1352624228,1
298042075,32959253,1
298042075,768415444348833792,1
298042075,108717417,1
298042075,133018791,4
298042075,3118400915,1
298042075,81973701,1
298042075,2810524722,1
298042075,65256429,1
298042075,9604032,1
298042075,14679798,2
298042075,66237835,1
298042075,98708249,1
298042075,398548937,2
298042075,22456656,1
298042075,62116595,1
298042075,51424476,1
298042075,28076276,1
298042075,141817380,1
298042075,2190059622,2
298042075,3884241737,1
298042075,233811896,1
298042075,39316428,1
298042075,952110973,1
298042075,59922837,1
298042075,1353752706,1
298042075,195929591,2
298042075,17461978,1
298042075,274028325,1
298042075,335452608,1
298042075,260729097,1
298042075,15962096,1
298042075,32469566,3
298042075,62591415,2
298042075,28391174,1
298042075,716714780917121025,1
298042075,14335144,1
298042075,3237449775,1
298042075,19248106,2
298042075,954095336,1
298042075,18863815,1
298042075,24848806,1
298042075,3631155921,3
298042075,70054190,1
298042075,34507480,1
298042075,104936881,1
298042075,121172858,1
298042075,139510066,1
298042075,158968531,2
298042075,74049673,1
298042075,16674703,1
298042075,1093569487,1
298042075,73598867,1
298042075,15169907,1
298042075,47668903,2
298042075,1408116811,1
298042075,305878130,1
298042075,2850398477,1
298042075,213773366,2
298042075,2156327224,1
298042075,3050306542,1
298042075,2149199485,1
298042075,95667467,1
298042075,2377061296,1
298042075,1452156498,1
298042075,455949199,1
298042075,364785653,1
298042075,2727239242,2
298042075,2376544086,1
298042075,2367911,5
298042075,404969822,1
298042075,3463138036,1
298042075,16517711,1
298042075,24825539,1
298042075,549734191,1
298042075,704716812,1
298042075,438126378,1
298042075,361823857,1
298042075,8806412,3
298042075,16352599,1
298042075,21701757,1
298042075,3031266342,2
298042075,368907519,1
298042075,73992972,1
298042075,61346129,1
298042075,516881010,5
298042075,1549253581,1
298042075,231430632,1
298042075,531884408,1
298042075,18033062,1
298042075,487620060,2
298042075,30973,1
298042075,3048593805,1
298042075,532425600,1
298042075,583148139,1
298042075,1159251,1
298042075,18838558,2
298042075,728335050480082944,1
298042075,1859511758,1
298042075,961016479,1
298042075,176881985,1
298042075,3156427322,1
298042075,91995170,1
298042075,2852845633,1
298042075,23931810,1
298042075,342491280,1
298042075,27042513,1
298042075,348446142,1
298042075,1683654476,1
298042075,2574392846,1
298042075,9126092,2
298042075,23740932,2
298042075,354610438,1
298042075,243843642,1
298042075,19017237,1
298042075,3641608272,1
298042075,282140010,1
298042075,318218261,1
298042075,2307916852,1
298042075,17906684,1
298042075,319470423,1
298042075,32624009,1
298042075,2562604370,1
298042075,163743554,1
298042075,2295048336,1
298042075,72664019,1
298042075,19329393,2
298042075,80829126,1
298042075,50270149,4
298042075,209708391,1
298042075,30918702,7
298042075,21734298,1
298042075,453313006,1
298042075,453316396,1
298042075,14401698,1
298042075,13001192,1
298042075,175084204,1
298042075,264366740,1
298042075,3359277041,1
298042075,35762475,1
298042075,25192681,1
298042075,2918892939,1
298042075,188399650,1
298042075,21133007,1
298042075,22650211,1
298042075,3343021750,2
298042075,126614785,1
298042075,582191458,1
298042075,3427871981,1
298042075,70915224,1
298042075,34418203,1
298042075,3223725937,1
243682230,550490224,126
243682230,243682230,44
243682230,387381313,15
243682230,805609872213557248,1
243682230,590452253,187
243682230,726794094438129666,3
243682230,1890844465,13
243682230,133018791,180
243682230,1662997207,4
243682230,245527050,1
243682230,178132548,5
243682230,52567285,88
243682230,108717417,1
243682230,2234828701,21
243682230,2197628328,14
243682230,3579038482,11
243682230,51455342,14
243682230,1423162356,2
243682230,150416207,1
243682230,21447363,266
243682230,1836427326,1
243682230,16409683,1
243682230,364598524,64
243682230,1452156498,3
243682230,238767215,17
243682230,64301404,63
243682230,3540668292,1
243682230,714136350,35
243682230,989319948,1
243682230,196693425,4
243682230,2195721353,7
243682230,40545550,13
243682230,209796914,11
243682230,4908815309,21
243682230,383539145,1
243682230,3116501974,3
243682230,173274983,37
243682230,3118400915,3
243682230,94380223,62
243682230,1589221176,60
243682230,82147207,2
243682230,131166037,38
243682230,388614006,4
243682230,950115966,8
243682230,244089500,22
243682230,1566588816,1
243682230,391692225,15
243682230,2266944186,1
243682230,27151607,3
243682230,146306349,1
243682230,2392141223,19
243682230,603007895,3
243682230,796303364,3
243682230,285919818,21
243682230,375245154,1
243682230,630463747,7
243682230,14150713,7
243682230,197887355,1
243682230,214079257,14
243682230,1033518932,1
243682230,28690612,35
243682230,100053001,1
243682230,402961459,1
243682230,968062141,17
243682230,768106531,5
243682230,217227419,12
243682230,780787301186019328,2
243682230,2932526039,1
243682230,396032213,1
243682230,2809812920,1
243682230,2394071497,6
243682230,210721252,17
243682230,225547860,28
243682230,2567832455,1
243682230,357250590,5
243682230,187282392,12
243682230,528730934,3
243682230,2569777669,2
243682230,484328695,1
243682230,1355236447,2
243682230,56270439,8
243682230,17949007,1
243682230,1372975219,14
243682230,805801501,2
243682230,233811896,22
243682230,2362039758,1
243682230,233089924,1
243682230,633364819,1
243682230,168677765,1
243682230,1089438229,1
243682230,3060280446,1
243682230,180485199,1
243682230,2181202529,1
243682230,304088368,1
243682230,701219592329363456,3
243682230,1012289257,1
243682230,4886752846,1
243682230,3457158493,1
243682230,2578326660,1
243682230,759932141199249408,8
243682230,2610336649,1
243682230,1723974176,11
243682230,256306639,1
243682230,65770851,5
243682230,343829674,16
243682230,4268730081,2
243682230,2572190766,1
243682230,132774626,3
243682230,76038468,10
243682230,4626562157,2
243682230,727167176285806592,5
243682230,208301818,2
243682230,3783862817,15
243682230,780438250099970048,5
243682230,707917586,2
243682230,23497233,2
243682230,383606897,3
243682230,422178777,1
243682230,297757498,1
243682230,104681139,1
243682230,1068912816,2
243682230,598720152,3
243682230,460283001,17
243682230,895563811,5
243682230,371493360,7
243682230,123554093,1
243682230,102993183,9
243682230,195474821,3
243682230,1205796422,1
243682230,139385179,7
243682230,161396838,18
243682230,790406219383115777,12
243682230,56807054,3
243682230,384624508,2
243682230,15693493,1
243682230,15941955,1
243682230,79593492,1
243682230,63856377,4
243682230,134820816,3
243682230,344778793,4
243682230,135476008,5
243682230,3004227308,1
243682230,461761392,9
243682230,350321047,9
243682230,41426170,1
243682230,812129929,9
243682230,625806797,2
243682230,153825124,8
243682230,2336854558,8
243682230,1907478518,3
243682230,169968944,8
243682230,3376461897,2
243682230,613499812,1
243682230,1389870529,1
243682230,96658938,4
243682230,167067070,1
243682230,400314530,1
243682230,386794164,1
243682230,221414610,7
243682230,57130701,1
243682230,273638966,2
243682230,233014051,5
243682230,64803223,2
243682230,2907090598,1
243682230,65725689,4
243682230,425170913,2
243682230,32218443,1
243682230,425081430,3
243682230,792799339932426240,2
243682230,158968531,1
243682230,9317502,2
243682230,31239408,1
243682230,22107140,1
243682230,3196345245,1
243682230,79853677,1
243682230,3127928776,1
243682230,1405989829,6
243682230,196631782,1
243682230,733054734,1
243682230,354687918,9
243682230,36957458,1
243682230,3958188972,2
243682230,3029565910,1
243682230,775539126837936128,2
243682230,4800973288,2
243682230,4582898913,1
243682230,2796516547,1
243682230,304956148,3
243682230,97280050,1
243682230,598440401,1
243682230,3103264613,1
243682230,737199248,1
243682230,62882389,5
243682230,16313686,1
243682230,56160989,5
243682230,2786416313,1
243682230,235178824,11
243682230,1346224333,9
243682230,470238041,1
243682230,115674518,2
243682230,287819361,1
243682230,363706060,3
243682230,255727575,1
243682230,401077768,3
243682230,103012173,1
243682230,225636072,10
243682230,714258491628732416,17
243682230,144083497,3
243682230,262924059,1
243682230,1327853288,1
243682230,145054755,1
243682230,1372481917,4
243682230,170545631,1
243682230,155024783,1
243682230,818332069,1
243682230,606840609,2
243682230,472159669,3
243682230,1074482126,2
243682230,1976226804,2
243682230,79491203,1
243682230,605931855,1
243682230,480048697,1
243682230,3368656498,1
243682230,194721544,3
243682230,77598453,1
243682230,1112764278,1
243682230,39949795,1
243682230,1525189759,4
243682230,261343653,1
243682230,737163057596649472,1
243682230,3429234207,1
243682230,634870916,1
243682230,61620114,2
243682230,2898771918,1
243682230,11912362,1
243682230,14456460,1
243682230,28007535,5
243682230,210185969,1
243682230,140244494,2
243682230,75949914,4
243682230,102287788,1
243682230,4026571030,1
243682230,911347152,1
243682230,197925392,1
243682230,801580511848202240,60
243682230,3975417203,12
243682230,73272348,10
243682230,2220565669,2
243682230,2200634694,1
243682230,73749140,1
243682230,79308810,1
243682230,442484407,1
243682230,3796735162,2
243682230,2893719987,1
243682230,1553891341,1
243682230,71747490,1
243682230,710867071912026112,1
243682230,2369773810,8
243682230,798234950,1
243682230,765369590901829632,1
243682230,158903852,3
243682230,3239988417,5
243682230,2996832159,3
243682230,3260082678,3
243682230,97004204,1
243682230,601388024,2
243682230,163179964,1
243682230,68839495,1
243682230,53402969,2
243682230,1064872338,1
243682230,2980718805,7
243682230,2842878990,2
243682230,411481585,1
243682230,804917815794921472,4
243682230,1160988092,1
243682230,468676419,5
243682230,2821637625,1
243682230,1696571575,2
243682230,126082241,2
243682230,730779834,3
243682230,1408940533,1
243682230,498585237,1
243682230,2993488263,1
243682230,88832470,5
243682230,134360121,1
243682230,137146707,3
243682230,209841071,1
243682230,317372509,3
243682230,1183868652,1
243682230,8236782,1
243682230,785458648181010433,1
243682230,2917224912,1
243682230,4862015859,1
243682230,2821515191,1
243682230,2721078467,1
243682230,170784823,1
243682230,568825492,1
243682230,60937635,2
243682230,135646785,5
243682230,184603944,8
243682230,1624093981,1
243682230,272216658,1
243682230,40915934,1
243682230,132752344,1
243682230,28665877,1
243682230,365822838,1
243682230,64044676,1
243682230,58906644,1
243682230,22520148,1
243682230,20107966,1
243682230,609476852,1
243682230,237590404,1
243682230,626444770,1
243682230,480494656,1
243682230,325831692,6
243682230,563179480,3
243682230,135165553,1
243682230,111094972,1
243682230,1422243974,1
243682230,32049158,2
243682230,232564654,3
243682230,279063873,1
243682230,111438020,3
243682230,760316941,1
243682230,4704374180,1
243682230,2777534806,1
243682230,86204896,1
243682230,261027239,1
243682230,68243833,1
243682230,33647344,1
243682230,1394290854,4
243682230,3446575633,4
243682230,2233278769,1
243682230,440874366,1
243682230,279590641,2
243682230,54676380,5
243682230,2420419338,1
243682230,729541826051485696,1
243682230,767899304153448449,1
243682230,26090319,2
243682230,3173815043,1
243682230,519721852,1
243682230,322887296,2
243682230,14230524,1
243682230,42688701,1
243682230,180418331,1
243682230,69687277,8
243682230,760260964080025601,10
243682230,2776598343,1
243682230,1093569487,1
243682230,547681621,1
243682230,583148139,1
243682230,486081373,2
243682230,2703970137,4
243682230,3122994633,1
243682230,435077758,5
243682230,41700776,3
243682230,2700671907,1
243682230,2739583999,1
243682230,42626401,1
243682230,3234783577,1
243682230,67847343,1
243682230,37007259,2
243682230,76784012,1
243682230,72664019,1
243682230,393456494,1
243682230,760665257228591104,1
243682230,107766566,1
243682230,545479590,1
243682230,2274215965,1
243682230,1284577182,1
243682230,3880471933,1
243682230,2959174587,1
243682230,18156146,1
243682230,121356706,1
243682230,3590532742,1
243682230,141817380,1
243682230,1602736561,2
243682230,211344753,1
243682230,18205531,1
243682230,2528202014,1
243682230,26116556,1
3246220348,181572333,3
3246220348,21447363,472
3246220348,3311657949,2
3246220348,129528518,16
3246220348,2958642883,28
3246220348,4429003533,34
3246220348,573660967,20
3246220348,3288582401,5
3246220348,2233278769,22
3246220348,769546424015024128,189
3246220348,752248200443076608,2
3246220348,300450762,9
3246220348,180418331,8
3246220348,19784831,1
3246220348,906624650,1
3246220348,1478661360,1
3246220348,3239988417,175
3246220348,36994285,1
3246220348,3957903886,32
3246220348,4884386285,1
3246220348,79293791,5
3246220348,773607703004454912,3
3246220348,1646237221,1
3246220348,29123186,5
3246220348,35787166,1
3246220348,1383780235,3
3246220348,2951750272,1
3246220348,431765325,1
3246220348,4268730081,16
3246220348,708889078406598657,4
3246220348,169686021,4
3246220348,738797538187284480,2
3246220348,3403009631,4
3246220348,1662414246,13
3246220348,1446563742,1
3246220348,80591252,2
3246220348,9695312,14
3246220348,4518843796,49
3246220348,1498674661,1
3246220348,755587748275163136,1
3246220348,631506206,5
3246220348,144083497,22
3246220348,30925378,1
3246220348,33933259,8
3246220348,7383122,8
3246220348,1228033027,2
3246220348,292571448,1
3246220348,133189408,2
3246220348,2203382244,1
3246220348,121238688,1
3246220348,2882174467,1
3246220348,1452156498,1
3246220348,23603092,1
3246220348,1339835893,37
3246220348,633364819,1
3246220348,63656697,3
3246220348,3443817742,1
3246220348,3041156019,1
3246220348,237162017,1
3246220348,588273031,5
3246220348,256212412,1
3246220348,3047078373,3
3246220348,3402913965,1
3246220348,2246527793,4
3246220348,745033224796119040,7
3246220348,16234029,1
3246220348,463030058,2
3246220348,775253972974202880,4
3246220348,774661173283356672,1
3246220348,3446575633,2
3246220348,348547441,4
3246220348,714991451587919872,6
3246220348,741388701775888384,4
3246220348,2351206492,3
3246220348,2750005570,3
3246220348,626444770,5
3246220348,4488419661,7
3246220348,807095,1
3246220348,268414482,3
3246220348,793619652429639680,1
3246220348,14399483,1
3246220348,489068782,1
3246220348,280612866,1
3246220348,4142853483,2
3246220348,6273552,1
3246220348,50517206,12
3246220348,105119490,5
3246220348,282827622,1
3246220348,189734996,2
3246220348,33900164,1
3246220348,14287830,1
3246220348,25073877,1
3246220348,100220864,2
3246220348,1386616608,2
3246220348,778715084,2
3246220348,298042075,1
3246220348,1897292227,1
3246220348,3148710452,1
3246220348,373358185,2
3246220348,45709328,3
3246220348,2776382851,1
3246220348,764229945497358336,1
3246220348,780660730311782400,1
3246220348,3901624394,8
3246220348,856376672,4
3246220348,17446621,1
3246220348,16312576,1
3246220348,28785486,1
3246220348,23879043,1
3246220348,783321933093933056,2
3246220348,796711472944545799,1
3246220348,363231897,3
3246220348,254843679,3
3246220348,229226630,1
3246220348,35030520,1
3246220348,3792958876,4
3246220348,31239408,1
3246220348,14230524,2
3246220348,116502194,1
3246220348,14293310,1
3246220348,122208388,1
3246220348,508776470,2
3246220348,77010454,1
3246220348,2835886194,1
3246220348,16303106,1
3246220348,52536879,1
3246220348,2746356657,1
3246220348,21401466,1
3246220348,37046756,1
3246220348,776834565910519809,1
3246220348,2696467538,1
3246220348,1116593786,1
3246220348,2189289010,1
3246220348,224320485,1
3246220348,28221296,1
3246220348,136361303,5
3246220348,480599145,1
3246220348,95023423,8
3246220348,225682555,2
3246220348,3000106098,1
3246220348,3514752976,1
3246220348,542969756,1
3246220348,1776453380,1
3246220348,18043865,6
3246220348,464539868,1
3246220348,222196601,2
3246220348,902696341,1
3246220348,773582250017521672,2
3246220348,3387953590,1
3246220348,4004202432,1
3246220348,28201743,2
3246220348,792088240513773570,1
3246220348,321970500,1
3246220348,272002869,1
3246220348,25023809,2
3246220348,2622226191,2
3246220348,23613479,1
3246220348,396401259,1
3246220348,748546795261788160,1
3246220348,632173,1
3246220348,3214414929,1
3246220348,739836760948117504,2
3246220348,28897926,2
3246220348,45186055,1
3246220348,156004026,9
3246220348,19074134,1
3246220348,966204836,1
3246220348,18522310,1
3246220348,141116825,1
3246220348,307734051,1
3246220348,248402075,1
3246220348,4194659739,1
3246220348,32917485,3
3246220348,40415424,1
3246220348,24872045,1
3246220348,145499533,1
3246220348,26116556,1
3246220348,24929621,1
3246220348,32049158,1
3246220348,14772687,1
3246220348,18138157,1
3246220348,19426551,1
3246220348,15846407,1
3246220348,158961733,1
3246220348,771315693283373056,2
3246220348,133809776,1
3246220348,17919972,1
3246220348,2639115968,1
3246220348,703799153,1
3246220348,46116615,1
3246220348,4148640521,1
3246220348,30791425,1
3246220348,88832470,1
3246220348,3392221709,1
3246220348,24825539,1
3246220348,73272348,1
3246220348,119781957,1
3246220348,2854833213,1
3246220348,1267643318,1
3246220348,382820417,1
3246220348,2326226088,1
3246220348,1176551065,1
3246220348,552831088,1
3246220348,1557315432,1
3246220348,3232301403,1
3246220348,1062820231,1
3246220348,2811372558,1
3246220348,14780915,1
3246220348,2940971657,1
3246220348,7744592,1
3246220348,23205844,1
3246220348,1262696228,1
3246220348,19594019,1
3246220348,26411522,1
3246220348,27195114,1
3246220348,40268530,4
3246220348,1855419792,1
3246220348,56799190,1
3246220348,16224459,1
3246220348,39845278,1
3246220348,245630545,1
3246220348,387972260,1
3246220348,21021326,1
3246220348,1093569487,1
3246220348,1866110924,1
3246220348,14222536,2
3246220348,3253393370,1
3246220348,392542060,1
3246220348,34040210,1
3246220348,87250241,1
3246220348,756742242719657984,1
3246220348,613076782,1
3246220348,2690908021,1
3246220348,489875479,1
3246220348,2852845633,1
3246220348,2309944812,1
3246220348,1411789946,1
3246220348,803840778346921984,1
3246220348,2743268019,1
3246220348,1257176964,1
3246220348,789245201273487363,1
3246220348,14423603,1
3246220348,4885009947,1
3246220348,726731858210344960,1
3246220348,348998306,1
3246220348,60684098,1
3246220348,124003770,1
3246220348,18838558,4
3246220348,19877186,2
3246220348,18978610,1
3246220348,30364057,2
3246220348,139823781,3
3246220348,22107140,4
3246220348,27022632,2
3246220348,174110843,1
3246220348,800318364744716288,1
3246220348,1587470478,1
3246220348,15858184,1
3246220348,368424255,1
3246220348,364785653,1
3246220348,1215371900,1
3246220348,744260935527735296,3
3246220348,80371182,1
3246220348,23006082,2
3246220348,2996832159,1
3246220348,19013887,1
3246220348,2228881206,1
3246220348,2844387381,1
3246220348,930825702,1
3246220348,773767296,3
3246220348,262924059,1
3246220348,78613092,1
3246220348,2896348639,1
3246220348,202162302,1
3246220348,718101432277270528,1
3246220348,23497233,4
3246220348,2577570065,1
3246220348,340613443,3
3246220348,702375559846875138,3
3246220348,2367911,1
3246220348,590452253,1
3246220348,789777122,1
3246220348,765037321,1
3246220348,746687364265820160,1
3246220348,112508240,1
3246220348,26003792,1
3246220348,71023061,1
3246220348,703519081,4
3246220348,722891867294011396,1
3246220348,2647830212,1
3246220348,487620060,2
3246220348,28391174,1
3246220348,3298368772,1
3246220348,21355920,2
3246220348,2730066025,1
3246220348,14790966,2
3246220348,62591415,1
3246220348,2218056327,1
3246220348,768598163745828864,1
3246220348,427848481,1
3246220348,31136855,1
3246220348,3163338165,1
179529349,21447363,1490
179529349,18043865,9
179529349,88832470,16
179529349,708889078406598657,4
179529349,169686021,4
179529349,32049158,21
179529349,450901287,2
179529349,1372481917,1
179529349,283755892,1
179529349,2984948253,8
179529349,3118400915,4
179529349,292571448,5
179529349,7383122,1
179529349,1339835893,28
179529349,1976226804,14
179529349,2917224912,1
179529349,807095,1
179529349,230821101,2
179529349,233811896,1
179529349,379408088,6
179529349,17338082,1
179529349,25073877,1
179529349,50517206,46
179529349,633364819,21
179529349,411990450,3
179529349,14230524,12
179529349,122208388,1
179529349,156856557,23
179529349,154101116,1
179529349,32257709,3
179529349,1064872338,5
179529349,537895704,6
179529349,2377061296,21
179529349,608622917,18
179529349,70207762,5
179529349,463030058,1
179529349,4004202432,3
179529349,3387953590,1
179529349,180418331,14
179529349,396401259,1
179529349,388614006,21
179529349,1093569487,17
179529349,2591580277,5
179529349,28897926,1
179529349,45709328,11
179529349,15846407,4
179529349,33933259,3
179529349,966204836,3
179529349,2877008927,1
179529349,9695312,15
179529349,3239988417,1
179529349,1557315432,1
179529349,73272348,2
179529349,626444770,3
179529349,24825539,2
179529349,2750005570,12
179529349,3392221709,1
179529349,30791425,1
179529349,156986894,8
179529349,157483342,15
179529349,40268530,1
179529349,1761777403,2
179529349,542969756,12
179529349,1731707149,3
179529349,179529349,31
179529349,803840778346921984,1
179529349,2309944812,2
179529349,489875479,1
179529349,2852845633,1
179529349,613076782,1
179529349,1411789946,1
179529349,756742242719657984,2
179529349,2690908021,5
179529349,3446575633,1
179529349,3253393370,2
179529349,14222536,1
179529349,1866110924,1
179529349,158968531,8
179529349,14423603,1
179529349,19877186,1
179529349,18978610,4
179529349,30364057,1
179529349,139823781,1
179529349,18838558,3
179529349,22107140,6
179529349,30191257,1
179529349,15858184,2
179529349,80371182,2
179529349,23006082,1
179529349,3313524443,9
179529349,79293791,8
179529349,2958642883,3
179529349,23497233,6
179529349,765037321,6
179529349,112508240,1
179529349,26003792,1
179529349,100220864,1
179529349,722891867294011396,1
179529349,21355920,9
179529349,2730066025,1
179529349,144083497,46
179529349,14790966,4
179529349,15693493,1
179529349,15941955,1
179529349,17513518,1
179529349,562381032,1
179529349,18156146,7
179529349,340613443,1
179529349,1834842788,1
179529349,2774307138,1
179529349,961445156,1
179529349,4657499475,1
179529349,334366788,6
179529349,493947370,1
179529349,1437120692,3
179529349,1405989829,2
179529349,2320340035,1
179529349,2351175993,3
179529349,37393178,2
179529349,1518399654,2
179529349,122793469,1
179529349,123142805,1
179529349,418371498,1
179529349,3237684341,2
179529349,2290856974,2
179529349,2783323392,2
179529349,4022768599,1
179529349,29906996,2
179529349,32218443,1
179529349,3309992697,1
179529349,4819286693,8
179529349,364785653,2
179529349,43415884,2
179529349,792799339932426240,5
179529349,2233651936,1
179529349,3275057102,7
179529349,522457555,1
179529349,3974006121,2
179529349,2932526039,2
179529349,254843679,7
179529349,1452156498,1
179529349,181572333,1
179529349,63042533,7
179529349,156225402,1
179529349,826762334,1
179529349,2896348639,8
179529349,706933895502163968,1
179529349,890218831,2
179529349,31239408,1
179529349,87215756,1
179529349,70915224,2
179529349,1321629762,1
179529349,555547400,1
179529349,27195114,1
179529349,764099638370631680,1
179529349,9126092,1
179529349,21092514,1
179529349,790156419580518400,1
179529349,214942749,2
179529349,2820952439,1
179529349,2746356657,1
179529349,2730275402,1
179529349,2647830212,1
179529349,260487455,1
179529349,1090400594,5
179529349,3053409257,2
179529349,3872843061,1
179529349,3987213075,1
179529349,19611369,1
179529349,422981065,1
179529349,107005161,3
179529349,4624386553,1
179529349,105363322,1
179529349,2789181121,1
179529349,787135834688360448,1
179529349,1087055676,1
179529349,2194695051,1
179529349,601325167,1
179529349,619642086,1
179529349,723892729797730304,2
179529349,111216929,1
179529349,3077830035,1
179529349,2628362171,1
179529349,785957337899032576,4
179529349,494380467,1
179529349,3957903886,1
179529349,1610636678,1
179529349,1723636500,2
179529349,279063873,1
179529349,804726874115080192,3
179529349,39949795,2
179529349,3424443550,1
179529349,1613460697,1
179529349,2349510185,1
179529349,180505807,1
179529349,520230690,1
179529349,460283001,2
179529349,2797033547,2
179529349,1255233794,1
179529349,337567056,1
179529349,416180114,1
179529349,2424375576,1
179529349,3214414929,1
179529349,1603322430,1
179529349,3443817742,1
179529349,72664019,2
179529349,3132757781,1
179529349,1004236363,1
179529349,982598786,1
179529349,3439675283,1
179529349,1278572971,1
179529349,2676424588,1
179529349,2996832159,5
179529349,1256245554,4
179529349,27706753,1
179529349,11912362,1
179529349,750103034349363201,3
179529349,14780915,1
179529349,30925378,1
179529349,1073452830,1
179529349,437030761,1
179529349,2890176380,1
179529349,21590830,1
179529349,204569891,1
179529349,14366556,1
179529349,2420529444,1
179529349,557111365,2
179529349,739836760948117504,4
179529349,142118056,1
179529349,369631951,1
179529349,2835962353,1
179529349,186342425,10
179529349,20539531,1
179529349,2367911,1
179529349,782074976983617536,1
179529349,4879778619,1
179529349,399582416,7
179529349,4861650973,2
179529349,191312010,2
179529349,946454455,1
179529349,1176551065,3
179529349,28201743,3
179529349,28665877,1
179529349,365822838,1
179529349,64044676,1
179529349,22520148,1
179529349,20107966,1
179529349,132752344,1
179529349,609476852,1
179529349,237590404,1
179529349,156004026,2
179529349,778748250,1
179529349,8370082,1
179529349,8943,1
179529349,813286,1
179529349,716726642,1
179529349,804917815794921472,3
179529349,1280991476,1
179529349,793983911726563328,1
179529349,389227008,3
179529349,3260082678,2
179529349,404969822,1
179529349,368576232,1
179529349,3287981834,1
179529349,2369779440,1
179529349,241203791,1
179529349,762849312619454465,1
179529349,268264471,1
179529349,3552942492,1
179529349,3268948058,1
179529349,1632256309,2
179529349,2448165212,1
179529349,2462659657,1
179529349,260111945,2
179529349,347477404,1
179529349,2307800832,1
179529349,3242226737,1
179529349,2864614393,1
179529349,790944550202114048,1
179529349,1100156288,2
179529349,1315661204,2
179529349,806673005950668800,3
179529349,150072452,1
179529349,1074542594,1
179529349,2439954874,1
179529349,270865879,1
179529349,133018791,1
179529349,797192755357224964,2
179529349,405061014,1
179529349,279729042,1
179529349,179399275,1
179529349,1571941802,1
179529349,313631065,1
179529349,211344753,1
179529349,58906644,1
179529349,60927387,1
179529349,382272700,1
179529349,74580436,2
179529349,14955353,1
179529349,119105689,3
179529349,2873832102,1
179529349,286313601,1
179529349,4518843796,1
179529349,47664469,1
179529349,26589987,1
179529349,330124745,1
179529349,285890035,1
179529349,139385179,1
179529349,376502929,1
179529349,4429003533,3
179529349,1612411987,2
179529349,99596327,1
179529349,46576295,2
179529349,136361303,2
179529349,7744592,1
179529349,14682858,1
179529349,374269371,1
179529349,779834951072043008,1
179529349,2701176508,1
179529349,730245408350474240,1
179529349,1587470478,1
179529349,260306337,1
179529349,2372966803,2
179529349,710143767,1
179529349,2946221697,3
179529349,1040394354,1
179529349,34366022,1
179529349,2581130736,1
179529349,198176904,1
179529349,1967919660,1
179529349,262924059,6
179529349,783214,3
179529349,373471064,2
179529349,1020383864,2
179529349,184910040,3
179529349,872374136,1
179529349,739784130,4
179529349,27678749,1
179529349,78613092,1
179529349,17232815,1
179529349,30512495,1
179529349,559653946,11
179529349,1046732064,1
179529349,192728611,2
179529349,24929621,1
179529349,26116556,3
179529349,629741687,1
179529349,1723974176,1
179529349,3479153056,1
179529349,223047786,2
179529349,276254736,1
179529349,189734996,3
179529349,512700138,9
179529349,32917485,3
179529349,518013044,2
179529349,476391433,2
179529349,3332494138,1
179529349,1649447540,3
179529349,1464511662,1
179529349,547841520,1
179529349,1669251080,1
179529349,688583,1
179529349,567497229,1
179529349,16409683,1
179529349,2476352695,3
179529349,655093,2
179529349,40415424,1
179529349,14791044,1
179529349,14663955,1
179529349,26020465,1
179529349,23136007,3
179529349,1723732310,1
179529349,18863815,2
179529349,67819221,1
179529349,26813101,1
179529349,430984106,2
179529349,756179900948680704,13
179529349,153694176,1
179529349,1187763794,2
179529349,17174309,9
179529349,86591214,1
179529349,1206398228,1
179529349,19058681,1
179529349,2521568972,2
179529349,16234029,1
179529349,2898771918,1
179529349,34507480,6
179529349,18825961,2
179529349,15429316,1
179529349,3864957315,1
179529349,753799736327491584,1
179529349,2302388240,3
179529349,268414482,1
179529349,23375688,1
179529349,1710342392,1
179529349,221382131,1
179529349,18582762,1
179529349,174593833,2
179529349,815537202,2
179529349,23561980,1
179529349,21111883,2
179529349,145499533,3
179529349,30328015,1
179529349,155705264,1
179529349,701607056,1
179529349,17230018,1
179529349,869692946,1
179529349,36723478,1
179529349,27260086,1
179529349,383972915,1
179529349,2980718805,1
179529349,196795202,1
179529349,234053160,1
179529349,97739866,1
179529349,14946736,1
179529349,105119490,1
179529349,225472499,1
179529349,750459732247318528,1
179529349,23006794,1
179529349,2896071332,2
179529349,24275419,1
179529349,203159021,1
179529349,348474838,1
179529349,3246943240,1
179529349,3226937092,1
179529349,23559503,1
179529349,3060817756,1
179529349,1194582374,2
179529349,62290422,1
179529349,36890809,2
179529349,28638191,1
179529349,466210189,1
179529349,820542338,1
179529349,725665248280236032,2
179529349,18667907,2
179529349,558810910,1
179529349,204688509,1
179529349,163645988,1
179529349,4688665830,2
179529349,19425947,1
179529349,3315088229,1
179529349,32959253,2
179529349,3282702576,14
179529349,74594552,4
179529349,243381107,1
179529349,29123186,1
179529349,28144053,1
179529349,2168160445,1
179529349,15846527,1
179529349,232089835,2
179529349,14399483,5
179529349,2999929853,1
179529349,275934616,1
179529349,808737074,2
179529349,1393868792,1
179529349,66515223,1
179529349,23613479,2
179529349,95765406,1
179529349,1110138014,1
179529349,501338037,2
179529349,308297673,1
179529349,243682230,2
179529349,2328981821,1
179529349,103602549,2
179529349,487620060,2
179529349,457554412,1
179529349,105920882,1
179529349,234450843,1
179529349,20456251,1
179529349,236699098,1
179529349,12135162,1
179529349,3723675076,1
179529349,28141382,1
179529349,17027964,1
179529349,3168617444,1
179529349,312822263,1
179529349,49437246,1
179529349,25023809,3
179529349,52484614,1
179529349,2927327806,1
179529349,6326302,1
179529349,19342160,1
179529349,3056142064,4
179529349,158976584,1
179529349,3245135844,1
179529349,1330457336,3
179529349,4318091894,2
179529349,3313706340,1
179529349,2602346959,1
179529349,506814264,1
179529349,57208869,1
179529349,38803325,1
179529349,168740493,1
179529349,59637063,1
179529349,22980798,1
29123186,326359913,13
29123186,24407244,2
29123186,24599923,46
29123186,29123186,290
29123186,377064146,5
29123186,32817680,20
29123186,27778893,21
29123186,1198406491,20
29123186,321970500,24
29123186,47459700,8
29123186,263093657,1
29123186,207477965,1
29123186,28412286,115
29123186,15279429,96
29123186,171682730,14
29123186,512700138,3
29123186,285282053,10
29123186,292250240,7
29123186,2194696542,1
29123186,32137602,34
29123186,41469938,6
29123186,124003770,3
29123186,249449375,1
29123186,39358470,1
29123186,21396868,1
29123186,3030352151,36
29123186,3032194325,1
29123186,1931425682,1
29123186,726636130221719552,1
29123186,50454544,1
29123186,13018112,3
29123186,169686021,7
29123186,562093393,4
29123186,93612999,3
29123186,725656408151216128,2
29123186,42888883,2
29123186,879571286,2
29123186,720130238,1
29123186,28709705,1
29123186,29201770,1
29123186,286907995,1
29123186,872193804,1
29123186,1886619679,1
29123186,98500671,5
29123186,81264356,1
29123186,243835805,1
29123186,415859364,4
29123186,14824849,1
29123186,157140968,26
29123186,21447363,19
29123186,14230524,10
29123186,136361303,3
29123186,413487212,1
29123186,409283525,20
29123186,16190898,2
29123186,1424381635,1
29123186,53005286,3
29123186,24893420,1
29123186,608563516,1
29123186,142118056,1
29123186,81721789,1
29123186,734368552988381184,1
29123186,2286870906,1
29123186,62368587,1
29123186,27678749,4
29123186,27711339,19
29123186,28208983,13
29123186,92367751,22
29123186,172163205,1
29123186,57816701,1
29123186,431224613,3
29123186,356690687,2
29123186,255388236,1
29123186,784680583,20
29123186,85590450,6
29123186,2439032786,7
29123186,14171401,1
29123186,28897926,1
29123186,23026845,1
29123186,257567128,1
29123186,4719519395,2
29123186,278072240,3
29123186,1618998036,1
29123186,2833146993,1
29123186,43710385,1
29123186,379504925,1
29123186,142439905,1
29123186,59468250,4
29123186,1921822470,1
29123186,41697864,1
29123186,3235669820,1
29123186,15506669,2
29123186,4909149662,1
29123186,2835276183,2
29123186,17395134,1
29123186,14367669,1
29123186,979448671,1
29123186,26696156,1
29123186,74859907,3
29123186,382834707,1
29123186,1339835893,6
29123186,5392522,1
29123186,2851531601,4
29123186,31443305,2
29123186,21709087,1
29123186,20620238,1
29123186,216487009,1
29123186,712741145244278784,1
29123186,248430429,1
29123186,376502929,2
29123186,4046788523,1
29123186,187641022,2
29123186,2189094160,1
29123186,17417922,1
29123186,20154994,1
29123186,45067304,1
29123186,317547519,1
29123186,21430048,1
29123186,2752892115,1
29123186,575492930,12
29123186,251885131,1
29123186,15783871,2
29123186,2327933017,6
29123186,68330395,3
29123186,18519437,1
29123186,81424179,1
29123186,49836613,1
29123186,28221296,1
29123186,2097571,12
29123186,266575711,3
29123186,33900164,4
29123186,22024974,2
29123186,1901546563,5
29123186,43522180,11
29123186,553708324,6
29123186,225190303,3
29123186,109702885,5
29123186,18807671,1
29123186,3446575633,1
29123186,17653703,1
29123186,342924593,4
29123186,48238243,1
29123186,465723566,8
29123186,176566242,1
29123186,333615851,1
29123186,82455213,1
29123186,96752877,2
29123186,2317790305,2
29123186,79293791,4
29123186,1156866230,8
29123186,171682388,4
29123186,140049744,2
29123186,153474021,12
29123186,3245135844,1
29123186,757303975,1
29123186,314865755,44
29123186,405728790,2
29123186,18391799,1
29123186,975033650,2
29123186,759251,12
29123186,416107526,1
29123186,2924381004,1
29123186,56506548,1
29123186,56326958,1
29123186,551177934,19
29123186,43761917,1
29123186,214791922,3
29123186,3244374561,1
29123186,18392906,3
29123186,19923638,3
29123186,569278308,1
29123186,39258526,1
29123186,78267938,1
29123186,19558851,1
29123186,498840131,2
29123186,45564482,2
29123186,24420288,1
29123186,753255031,1
29123186,19028615,2
29123186,24775528,1
29123186,162173281,1
29123186,717009538495475712,1
29123186,85037578,1
29123186,17366910,1
29123186,36518886,1
29123186,261175938,1
29123186,59218782,3
29123186,19543375,1
29123186,17446621,1
29123186,3907662803,1
29123186,21122835,1
29123186,18541429,1
29123186,18342906,1
29123186,211827343,1
29123186,593080907,1
29123186,248246924,1
29123186,3196781257,1
29123186,771639781717487616,1
29123186,152313126,1
29123186,84836249,1
29123186,3267764497,1
29123186,351005450,1
29123186,2159626244,1
29123186,34947001,1
29123186,253209941,1
29123186,800359363487510528,1
29123186,23617104,1
29123186,1536791610,2
29123186,31080039,5
29123186,202338684,1
29123186,98696100,1
29123186,30364057,2
29123186,1093090866,1
29123186,2930069351,2
29123186,185616990,2
29123186,1194296414,1
29123186,807095,18
29123186,22041659,1
29123186,32497316,1
29123186,32469566,30
29123186,958551175,1
29123186,35334308,1
29123186,209081224,1
29123186,114796408,3
29123186,240456162,1
29123186,16096416,5
29123186,9917552,1
29123186,158128894,1
29123186,340814465,1
29123186,310172617,1
29123186,27725199,8
29123186,40851965,2
29123186,6480682,1
29123186,308803033,1
29123186,186561339,1
29123186,548725449,1
29123186,55118745,1
29123186,258927312,1
29123186,31277095,36
29123186,15224867,2
29123186,141052723,3
29123186,183734502,5
29123186,106808975,1
29123186,23375688,6
29123186,19766366,1
29123186,1022188141,1
29123186,27844479,9
29123186,44867159,1
29123186,147416963,3
29123186,24929621,7
29123186,34572451,5
29123186,3262493725,1
29123186,1963011980,1
29123186,4357308736,1
29123186,27316156,1
29123186,106348473,1
29123186,727576234608185346,1
29123186,539012343,1
29123186,977434538,1
29123186,2398426802,1
29123186,155336256,1
29123186,54930650,6
29123186,19212009,6
29123186,558961804,2
29123186,18647765,3
29123186,44084633,1
29123186,25326324,9
29123186,17057271,1
29123186,122258041,1
29123186,11289042,1
29123186,191889245,17
29123186,30345764,1
29123186,68559218,4
29123186,368059521,5
29123186,198899031,4
29123186,309411495,1
29123186,9197562,1
29123186,286666775,1
29123186,111734895,1
29123186,30137215,1
29123186,16803519,1
29123186,25365536,7
29123186,348474838,1
29123186,85772748,2
29123186,19546942,1
29123186,16913418,1
29123186,2805902454,1
29123186,3625561817,1
29123186,23879043,1
29123186,20565284,2
29123186,485998915,7
29123186,26673891,1
29123186,33047661,2
29123186,487977202,3
29123186,365071261,4
29123186,280582344,7
29123186,2891435019,1
29123186,469982125,1
29123186,217226331,1
29123186,17919972,6
29123186,36776748,2
29123186,1467708182,1
29123186,24381251,1
29123186,14790966,2
29123186,266187076,1
29123186,19787254,1
29123186,268414482,14
29123186,5695632,3
29123186,36430363,3
29123186,16929349,3
29123186,109415176,1
29123186,153486207,1
29123186,19653632,1
29123186,16463853,2
29123186,19248106,4
29123186,18812301,1
29123186,31089450,8
29123186,178496396,1
29123186,3041826243,2
29123186,15307166,2
29123186,98942778,1
29123186,714334891,1
29123186,24234449,1
29123186,43815496,1
29123186,17792832,1
29123186,498702892,1
29123186,44859651,1
29123186,15933910,2
29123186,23372997,1
29123186,1395534962,1
29123186,20626942,1
29123186,256090039,2
29123186,16686144,2
29123186,9763482,1
29123186,184910040,6
29123186,3560045661,1
29123186,486246896,1
29123186,19472585,1
29123186,224016878,1
29123186,260991862,1
29123186,15531322,2
29123186,39975545,1
29123186,47905335,1
29123186,32268842,1
29123186,2265327894,1
29123186,34390143,1
29123186,205302299,2
29123186,224482193,3
29123186,1244755382,1
29123186,602080644,1
29123186,345740054,1
29123186,30704824,20
29123186,110827653,1
29123186,6075202,1
29123186,57211570,1
29123186,369487432,6
29123186,16193578,1
29123186,191504048,1
29123186,18725415,1
29123186,110016125,1
29123186,39601084,1
29123186,293722201,1
29123186,324511199,1
29123186,245005365,1
29123186,326105725,1
29123186,2950481284,1
29123186,40255499,6
29123186,279121988,2
29123186,66561957,1
29123186,504266819,2
29123186,855249397,1
29123186,763839840836288512,1
29123186,55643043,1
29123186,55609295,5
29123186,7532872,4
29123186,50620668,1
29123186,48100887,5
29123186,1924364738,1
29123186,104249727,1
29123186,213905426,1
29123186,22470995,1
29123186,105018139,1
29123186,15738599,2
29123186,56851135,1
29123186,16715614,1
29123186,28242640,1
29123186,778409961890123776,1
29123186,291429473,1
29123186,269897088,2
29123186,19538986,2
29123186,3303293865,1
29123186,579967392,1
29123186,305217958,6
29123186,338084918,2
29123186,1089204217,1
29123186,288333760,1
29123186,2311200613,1
29123186,39781931,1
29123186,427896281,1
29123186,19719004,1
29123186,55117855,1
29123186,17494010,1
29123186,444032376,1
29123186,274136212,8
29123186,348379865,3
29123186,2317351705,1
29123186,954241021,2
29123186,54615570,1
29123186,369514419,1
29123186,2415421344,1
29123186,2455889401,1
29123186,58462957,1
29123186,46954727,1
29123186,45442597,1
29123186,37046756,3
29123186,304551287,1
29123186,1449650078,2
29123186,115970408,1
29123186,16409683,2
29123186,110840720,1
29123186,442211818,1
29123186,55573873,5
29123186,275686563,1
29123186,3022410032,1
29123186,78936521,2
29123186,36169080,1
29123186,63172203,4
29123186,2200632505,1
29123186,401902237,1
29123186,19745224,1
29123186,372836392,1
29123186,39098609,1
29123186,3863200223,1
29123186,40080940,2
29123186,35787166,5
29123186,281039276,1
29123186,78021221,6
29123186,21701757,1
29123186,26576457,2
29123186,90420314,1
29123186,280845193,1
29123186,3082143484,1
29123186,34395888,1
29123186,275195569,1
29123186,601260949,1
29123186,16305330,1
29123186,720326479,1
29123186,2645660210,1
29123186,18772987,9
29123186,18514964,1
29123186,2375515290,1
29123186,251164136,1
29123186,15169907,1
29123186,86155332,1
29123186,50748888,1
29123186,190058806,1
29123186,33207445,1
29123186,65182307,2
29123186,39871001,5
29123186,33906088,1
29123186,16517711,1
29123186,1971379766,1
29123186,274840262,1
29123186,17514093,1
29123186,20225875,1
29123186,16935734,1
29123186,44857670,1
29123186,2274171164,1
29123186,23596917,1
29123186,16998020,16
29123186,31239408,1
29123186,25738505,1
29123186,211255108,1
29123186,5484042,1
29123186,17548474,1
29123186,217165904,6
29123186,312778759,12
29123186,3180905870,2
29123186,735806136,1
29123186,577148164,1
29123186,492399548,1
29123186,1515964651,1
29123186,33581258,2
29123186,186558106,1
29123186,104570948,1
29123186,818503099,1
29123186,156712291,1
29123186,55678606,1
29123186,384412112,1
29123186,25023809,1
29123186,2439135804,1
29123186,420076980,3
29123186,607599583,1
29123186,37945489,3
29123186,118780654,3
29123186,516759427,1
29123186,85603854,1
29123186,72568426,2
29123186,52191696,1
29123186,34988284,2
29123186,85335636,4
29123186,419142942,1
29123186,46751590,1
29123186,24632413,1
29123186,180505807,1
29123186,54330182,1
29123186,811502270,1
29123186,38259087,1
29123186,21674080,2
29123186,75284703,1
29123186,37043748,4
29123186,2888926040,3
29123186,78435710,2
29123186,217458574,2
29123186,59536681,1
29123186,22792475,1
29123186,42929558,1
29123186,36806802,1
29123186,241014861,1
29123186,849246614,2
29123186,469508411,3
29123186,59624844,2
29123186,89007814,2
29123186,2541991002,2
29123186,33990291,1
29123186,35374846,1
29123186,436292177,1
29123186,249850165,1
29123186,35002876,2
29123186,519633486,1
29123186,245992215,2
29123186,475995334,1
29123186,67164062,2
29123186,81783051,1
29123186,858870211,2
29123186,19851111,1
29123186,23815359,1
29123186,17019661,1
29123186,3355569257,1
29123186,34990326,1
29123186,95023423,1
29123186,19075096,1
29123186,15966936,1
29123186,11442512,2
29123186,193477235,4
29123186,53184837,1
29123186,287694284,1
29123186,203120691,2
29123186,41229669,3
29123186,356448545,1
29123186,607192082,1
29123186,141598384,4
29123186,53732896,1
29123186,1311056983,2
29123186,26793734,1
29123186,23620660,1
29123186,2491816728,1
29123186,21208444,1
29123186,14791162,1
29123186,250911289,1
29123186,175174859,3
29123186,244498339,1
29123186,24866239,2
29123186,16544437,1
29123186,19397785,3
29123186,128755257,1
29123186,937294358,1
29123186,3313244057,1
29123186,127635597,3
29123186,595997584,1
29123186,17209624,1
29123186,64599583,1
29123186,6556212,1
29123186,20875500,2
29123186,27260086,1
29123186,813286,1
29123186,606598251,1
29123186,29334444,1
29123186,2481313952,1
29123186,252822479,2
29123186,224267898,1
29123186,389673798,1
29123186,281917335,1
29123186,21428755,1
29123186,602317143,1
29123186,104969057,1
29123186,149061291,1
29123186,22563769,2
29123186,223546666,1
29123186,887977640,1
29123186,35800753,1
29123186,21324258,1
29123186,787095054200496129,2
29123186,16012601,1
29123186,2547000212,2
29123186,386244525,1
29123186,59901857,1
29123186,26148323,1
29123186,59247894,1
29123186,192329579,2
29123186,363688442,1
29123186,24216951,1
29123186,1148199866,1
29123186,472065740,1
29123186,22536055,1
29123186,116059651,1
29123186,20413022,1
29123186,74952443,1
29123186,86422542,3
29123186,122522120,1
29123186,600242801,1
29123186,68663114,1
29123186,30248953,2
29123186,82723500,4
29123186,302288855,1
29123186,18491091,1
29123186,193459596,1
29123186,3438899241,2
29123186,52847728,1
29123186,54960992,3
29123186,19292133,1
29123186,19757280,1
29123186,4364474172,1
29123186,46576295,1
29123186,398205103,1
29123186,137025232,1
29123186,30973,1
29123186,758805037896183808,1
29123186,222509944,1
29123186,126468928,1
29123186,262359713,1
29123186,25402789,1
29123186,419897849,1
29123186,336227329,2
29123186,20054788,1
29123186,401317166,1
29123186,120516197,1
29123186,181561712,2
29123186,69867202,2
29123186,701400775,1
29123186,65992743,1
29123186,163398927,1
29123186,205915163,1
29123186,92577188,1
29123186,280629993,1
29123186,182972598,1
29123186,44597179,1
29123186,62310594,1
29123186,171606166,2
29123186,45904966,1
29123186,196795202,1
29123186,2557521,1
29123186,23818581,1
29123186,30717000,1
29123186,14415108,1
29123186,24289021,1
29123186,33668125,1
29123186,2484743660,1
29123186,1102124833,1
29123186,53153263,1
29123186,33597201,1
29123186,19759477,1
29123186,34793170,1
29123186,1585895702,1
29123186,2511338172,1
29123186,282844077,1
29123186,1537365553,1
29123186,75298735,1
29123186,133963957,1
29123186,23872098,1
29123186,14677919,1
1536791610,325830217,1
1536791610,41144996,3
1536791610,595515713,1
1536791610,30313925,1
1536791610,1339835893,3
1536791610,1536791610,10
1536791610,18839785,1
1536791610,1767741,1
1536791610,36972997,1
1536791610,36771809,1
1536791610,64839766,1
1536791610,173677727,1
1536791610,19789439,1
1536791610,8539242,1
1536791610,19263978,1
1536791610,23083404,1
1536791610,1093090866,2
1536791610,26270913,2
1536791610,1059194370,1
1536791610,29450962,2
1536791610,232268199,1
1536791610,550401754,2
1536791610,425872825,1
1536791610,708072909114318848,1
1536791610,65647594,2
1536791610,16245822,1
1536791610,15000857,1
1536791610,18734310,1
1536791610,44177383,1
1536791610,250386727,1
1536791610,19923144,1
1536791610,11348282,4
1536791610,14091091,1
1536791610,16212685,2
1536791610,398092540,1
1536791610,3907577966,1
1536791610,1451773004,1
1536791610,21330459,1
1536791610,53197137,1
1536791610,500704345,3
1536791610,188001904,1
1536791610,15007149,1
1536791610,133769083,1
1536791610,3281853858,1
1536791610,110195330,1
1536791610,100005598,1
1536791610,7713582,1
1536791610,17515958,1
1536791610,1016746238,1
1536791610,3290070855,1
1536791610,14498484,1
1536791610,165211956,1
1536791610,322658873,1
1536791610,390825318,1
1536791610,1322284950,2
1536791610,37115355,1
1536791610,629103290,1
1536791610,312459288,1
1536791610,2295625259,1
1536791610,162090984,1
1536791610,465076617,1
1536791610,28640463,1
1536791610,1007173664,3
1536791610,360324412,1
1536791610,211171360,1
1536791610,43697249,1
1536791610,1330457336,1
8370082,1339835893,139
8370082,21447363,9
8370082,22127274,1
8370082,288175280,2
8370082,8370082,289
8370082,24768753,4
8370082,357606935,39
8370082,25388412,7
8370082,2869008225,1
8370082,21780652,1
8370082,90021519,2
8370082,44486866,1
8370082,48802204,1
8370082,172858784,38
8370082,14173315,2
8370082,2836421,3
8370082,126109014,40
8370082,68659708,1
8370082,2275543832,1
8370082,224320485,2
8370082,20100147,1
8370082,20098206,1
8370082,2841195605,1
8370082,14185317,8
8370082,11347122,3
8370082,1321432124,2
8370082,4806886008,1
8370082,25025700,1
8370082,1129029661,2
8370082,15662282,3
8370082,83398512,1
8370082,1342703736,1
8370082,117839957,2
8370082,106182754,1
8370082,24613245,1
8370082,466532637,1
8370082,5994222,1
8370082,25017309,1
8370082,1707321486,12
8370082,72198806,6
8370082,323440720,2
8370082,227139868,2
8370082,15418628,1
8370082,19682187,20
8370082,15939889,3
8370082,169198625,1
8370082,63262233,6
8370082,87510313,4
8370082,20113797,2
8370082,17011177,16
8370082,1058520120,1
8370082,188019606,1
8370082,328679423,9
8370082,470613725,11
8370082,144927376,1
8370082,316165422,2
8370082,1697174628,2
8370082,17358750,2
8370082,80366372,9
8370082,582070020,1
8370082,263879706,9
8370082,272191896,4
8370082,26283468,1
8370082,202790178,4
8370082,52611184,1
8370082,22669526,1
8370082,21282305,5
8370082,19608297,1
8370082,2427885031,2
8370082,787647693166407680,1
8370082,18179659,1
8370082,31013444,7
8370082,285159803,1
8370082,20196258,8
8370082,74755679,2
8370082,603025587,5
8370082,793208286,3
8370082,21059255,1
8370082,248495200,2
8370082,3053873667,3
8370082,216065430,4
8370082,499073990,11
8370082,355906128,10
8370082,15808765,19
8370082,245424983,7
8370082,21765244,3
8370082,710354892271915008,1
8370082,1492998685,1
8370082,3353604197,3
8370082,38707559,2
8370082,415117361,7
8370082,813286,136
8370082,1310692134,1
8370082,14377605,19
8370082,346384098,1
8370082,20525702,1
8370082,278642216,1
8370082,309070309,1
8370082,1536791610,5
8370082,33537967,9
8370082,282787530,3
8370082,465123413,25
8370082,17565514,11
8370082,309907190,16
8370082,18829123,5
8370082,153486399,2
8370082,53929374,6
8370082,22162854,6
8370082,361569788,4
8370082,22789766,1
8370082,201872333,2
8370082,18874870,2
8370082,496559962,97
8370082,74669397,2
8370082,1128218821,2
8370082,939091,40
8370082,759251,1
8370082,3488471,1
8370082,20100423,2
8370082,89887215,1
8370082,14747825,1
8370082,14480378,1
8370082,20419770,1
8370082,16254381,1
8370082,1523443681,1
8370082,44177383,6
8370082,32922642,2
8370082,370859141,1
8370082,29363230,3
8370082,45573874,3
8370082,23006794,3
8370082,53297035,1
8370082,47461824,1
8370082,16581604,5
8370082,27275087,1
8370082,2318830135,1
8370082,16118322,1
8370082,348089426,1
8370082,275418160,1
8370082,67015546,3
8370082,1007917022,3
8370082,65707359,2
8370082,161892519,1
8370082,73491087,1
8370082,263403400,1
8370082,150078976,2
8370082,823738296,1
8370082,25060780,1
8370082,19418459,3
8370082,15824288,8
8370082,109336776,1
8370082,100827890,1
8370082,476193064,3
8370082,8436472,1
8370082,550131748,1
8370082,479017220,1
8370082,159655293,1
8370082,16330852,1
8370082,80901277,1
8370082,25280477,1
8370082,2388927798,1
8370082,334984455,1
8370082,88316342,1
8370082,80361644,1
8370082,417411202,1
8370082,14676022,1
8370082,25225877,1
8370082,2239624901,1
8370082,2903882167,1
8370082,50378967,2
8370082,19318314,2
8370082,710954010,1
8370082,1247503248,1
8370082,1051127714,1
8370082,2981428743,1
8370082,193732179,1
8370082,551546265,1
8370082,26672310,1
8370082,2377732207,4
8370082,3332821563,1
8370082,37774152,2
8370082,94154021,4
8370082,18909919,1
8370082,729696453371801600,1
8370082,171598736,2
8370082,531561605,2
8370082,15162136,1
8370082,949934436,1
8370082,164369297,4
8370082,126299991,5
8370082,33530012,35
8370082,1112972713,2
8370082,702296911265423361,4
8370082,15464697,1
8370082,512225400,2
8370082,3763675936,1
8370082,458086240,3
8370082,630771717,4
8370082,272762210,5
8370082,377865473,1
8370082,1273576141,2
8370082,377766775,1
8370082,3333055535,2
8370082,2811838608,3
8370082,12523642,1
8370082,133832049,1
8370082,377949581,1
8370082,62607860,4
8370082,4892801200,18
8370082,141223563,1
8370082,368472546,2
8370082,7334402,6
8370082,39581629,1
8370082,2543742324,4
8370082,397669339,1
8370082,23887270,1
8370082,565469671,2
8370082,407039290,7
8370082,1330457336,24
8370082,56748177,1
8370082,240479719,2
8370082,109025212,1
8370082,426802833,1
8370082,1603787905,2
8370082,109328493,2
8370082,312134473,2
8370082,35094637,3
8370082,20355988,2
8370082,180505807,2
8370082,207689504,1
8370082,2240756971,1
8370082,1020058453,1
8370082,516880804,1
8370082,747248021889499141,2
8370082,15442036,1
8370082,60919240,11
8370082,20715936,1
8370082,26985403,1
8370082,1872999342,1
8370082,31080039,2
8370082,15764644,5
8370082,170489529,1
8370082,19471123,1
8370082,288304848,1
8370082,499336680,1
8370082,762151088,1
8370082,99402071,1
8370082,3241338526,1
8370082,970207298,1
8370082,246939630,1
8370082,332304361,1
8370082,1017637447,1
8370082,46455548,3
8370082,485907537,1
8370082,2461810448,5
8370082,12266442,2
8370082,3260518932,1
8370082,139909832,2
8370082,220706575,1
8370082,19249328,1
8370082,25055963,1
8370082,1614054846,2
8370082,1964991720,1
8370082,516759552,1
8370082,269911034,1
8370082,2815186398,2
8370082,3044676303,2
8370082,232268199,3
8370082,348517566,4
8370082,17152458,1
8370082,155585373,6
8370082,292882226,1
8370082,110827653,12
8370082,2424178550,4
8370082,561431994,4
8370082,1093090866,15
8370082,216776631,19
8370082,205302299,1
8370082,45895089,1
8370082,122499038,1
8370082,14641347,1
8370082,68219213,1
8370082,709624702981935104,2
8370082,329960232,7
8370082,30364057,2
8370082,582897918,1
8370082,3061615740,1
8370082,15714558,1
8370082,500436115,2
8370082,14150555,3
8370082,13850422,1
8370082,29417304,1
8370082,107820427,2
8370082,29442313,1
8370082,223166587,1
8370082,14125897,4
8370082,28868001,1
8370082,21111883,2
8370082,38477209,2
8370082,29471556,1
8370082,234141596,1
8370082,2835931010,1
8370082,733010480,1
8370082,199303576,1
8370082,28602948,1
8370082,1544281483,1
8370082,148453195,1
8370082,43638469,5
8370082,266719387,1
8370082,30043852,1
8370082,14943778,2
8370082,16400248,1
8370082,27743039,1
8370082,67152148,1
8370082,70667943,3
8370082,804942871,1
8370082,49852522,1
8370082,32309662,1
8370082,393005076,2
8370082,613712440,1
8370082,248735463,2
8370082,2530201700,1
8370082,17044681,2
8370082,29813903,1
8370082,15625377,1
8370082,21972711,1
8370082,300612979,1
8370082,214894303,2
8370082,7392352,1
8370082,499439828,1
8370082,95368983,1
8370082,757303975,1
8370082,14218876,1
8370082,14972010,2
8370082,19793142,1
8370082,64710196,1
8370082,132278386,1
8370082,56001656,1
8370082,409486555,27
8370082,24840770,5
8370082,302053278,6
8370082,20813318,1
8370082,1344951,2
8370082,16240240,1
8370082,4515563482,6
8370082,7860902,3
8370082,16528755,1
8370082,151967576,1
8370082,394741838,1
8370082,14240875,3
8370082,18978610,1
8370082,17006036,3
8370082,74829020,1
8370082,111993445,2
8370082,36686040,1
8370082,787373558,11
8370082,15675138,1
8370082,492588128,3
8370082,30924790,1
8370082,4813795035,1
8370082,1646506182,1
8370082,29041660,1
8370082,2575941744,1
8370082,2466899838,1
8370082,65453528,2
8370082,231954529,1
8370082,82677928,4
8370082,120165462,5
8370082,20094138,2
8370082,164401565,1
8370082,161404919,1
8370082,70146366,20
8370082,17230018,4
8370082,19546942,1
8370082,67106364,1
8370082,46545805,2
8370082,407834712,1
8370082,23696533,1
8370082,182637996,1
8370082,38446463,1
8370082,257959346,1
8370082,724060150076682240,2
8370082,429825102,2
8370082,835788253,1
8370082,2190790404,2
8370082,159179198,1
8370082,351548938,1
8370082,59900070,1
8370082,2400284491,6
8370082,36743910,1
8370082,1485342474,1
8370082,289364175,1
8370082,3459051,1
8370082,387743928,1
8370082,37011248,1
8370082,7799732,1
8370082,90309830,1
8370082,58503762,1
8370082,36948268,2
8370082,122533830,5
8370082,148529707,1
8370082,17534243,1
8370082,20707070,1
8370082,3000198680,1
8370082,250386727,1
8370082,35814608,1
8370082,402957663,2
8370082,18480494,1
8370082,2817082508,1
8370082,18713552,1
8370082,357576227,1
8370082,578570016,1
8370082,47285504,3
8370082,190718997,1
8370082,73242553,1
8370082,21146733,1
8370082,384923143,1
8370082,1673205386,1
8370082,637254100,1
8370082,20517132,1
8370082,218292287,1
8370082,40924038,1
8370082,14192609,2
8370082,22708124,3
8370082,180172876,1
8370082,49697450,1
8370082,1548572586,1
8370082,14135426,2
8370082,31121941,1
8370082,2573474293,23
8370082,2459371,1
8370082,41660626,1
8370082,115979444,28
8370082,16740383,1
8370082,807095,3
8370082,20536157,10
8370082,631392810,1
8370082,2557592940,2
8370082,4660308208,1
8370082,54950775,1
8370082,265492789,1
8370082,1390640984,3
8370082,15561019,1
8370082,281591551,1
8370082,16799528,1
8370082,2916534573,2
8370082,130859325,1
8370082,34277412,1
8370082,4718706551,2
8370082,74815175,2
8370082,2869149481,1
8370082,1631543652,1
8370082,343553031,1
8370082,437730945,4
8370082,146879880,1
8370082,3554721,2
8370082,2229922315,1
8370082,126697673,1
8370082,17048167,1
8370082,18391051,1
8370082,829797714,3
8370082,28636739,2
8370082,14787713,1
8370082,158777509,1
8370082,571202103,3
8370082,91023874,1
8370082,16932271,1
8370082,288967790,1
8370082,160668244,1
8370082,137810338,1
8370082,229177752,1
8370082,14227897,1
8370082,787676510,1
8370082,369254932,1
8370082,78122020,1
8370082,2749313388,1
8370082,376502929,4
8370082,19618527,2
8370082,14620190,3
8370082,118414368,1
8370082,1581277519,1
8370082,53178109,1
8370082,1849681435,2
8370082,25087685,1
8370082,52165222,2
8370082,783214,1
8370082,28097432,3
8370082,3341723465,1
8370082,25202358,1
8370082,18564162,1
8370082,5392522,1
8370082,343537608,10
8370082,91478624,1
8370082,2978837542,1
8370082,196296745,1
8370082,43801413,1
8370082,24758496,1
8370082,11134252,1
8370082,15066760,1
8370082,19570515,2
8370082,18734310,1
8370082,56443153,1
8370082,180503626,1
8370082,228141947,1
8370082,30313925,2
8370082,727420351,2
8370082,479556811,1
8370082,325830217,1
8370082,300276284,1
8370082,274246863,1
8370082,78357820,1
8370082,236937830,1
8370082,376874694,3
8370082,16542798,2
8370082,20106852,1
8370082,66806485,2
8370082,2584404780,1
8370082,51241574,2
8370082,282583684,2
8370082,10126672,1
8370082,14661425,1
8370082,2910022539,2
8370082,17443698,1
8370082,15755669,1
8370082,714491436,1
8370082,14495726,1
8370082,14248963,1
8370082,14221917,1
8370082,155613716,1
8370082,15161791,1
8370082,253377047,2
8370082,75792217,1
8370082,479113251,1
8370082,275370087,1
8370082,59225745,2
8370082,589735284,1
8370082,636558297,1
8370082,602035691,10
8370082,23861487,4
8370082,1917731,1
8370082,30354991,4
8370082,15754851,1
8370082,19165268,1
8370082,1199594202,3
8370082,76376525,1
8370082,14412533,1
8370082,88012558,1
8370082,76059158,1
8370082,29450962,5
8370082,16172889,2
8370082,20756490,1
8370082,23480020,4
8370082,48056284,5
8370082,28107537,1
8370082,59869729,1
8370082,87371840,1
8370082,137514668,2
8370082,29133664,1
8370082,109974187,3
8370082,21402332,2
8370082,15943733,2
8370082,111626844,1
8370082,14547462,1
8370082,2493364328,6
8370082,16227815,1
8370082,796800025749688322,18
8370082,789516337,1
8370082,54951973,3
8370082,41360745,1
8370082,23450558,2
8370082,19824430,2
8370082,35027236,1
8370082,794488591,1
8370082,74835629,1
8370082,2273338356,2
8370082,82649553,2
8370082,254274083,1
8370082,52514052,1
8370082,54299209,8
8370082,769792820,1
8370082,17948009,1
8370082,78084813,3
8370082,18320874,1
8370082,15950185,1
8370082,2351855606,1
8370082,3425354621,1
8370082,17288632,1
8370082,74439879,1
8370082,17371873,1
8370082,12613822,1
8370082,217118762,1
8370082,23306799,1
8370082,578963608,1
8370082,271742215,1
8370082,146540711,1
8370082,302260168,1
8370082,381664618,1
8370082,23058640,1
8370082,25619010,1
8370082,184947252,1
8370082,61964085,1
8370082,29401371,1
8370082,259522800,2
8370082,407861052,1
8370082,27168147,1
8370082,15268490,3
8370082,24748899,1
8370082,224311355,2
8370082,74921459,1
8370082,2993369386,1
8370082,76679834,1
8370082,54466367,1
8370082,17035648,1
8370082,63030611,1
8370082,506507087,1
8370082,259957458,1
8370082,25368960,1
8370082,22831555,1
8370082,56283903,1
8370082,137601025,1
8370082,21326352,1
8370082,494583213,4
8370082,14128974,1
8370082,568676308,1
8370082,7023592,1
8370082,416464792,2
8370082,279319647,2
8370082,17233573,1
8370082,153149305,2
8370082,43797909,3
8370082,48724141,1
8370082,318518392,1
8370082,288515819,1
8370082,22012091,1
8370082,408636835,1
8370082,16049954,8
8370082,18788139,33
8370082,30762111,1
8370082,21095727,1
8370082,322013313,1
8370082,33719856,1
8370082,110899711,1
8370082,144756663,1
8370082,28599820,1
8370082,48822718,1
8370082,403415466,1
8370082,2835639028,1
8370082,250178859,1
8370082,351715792,1
8370082,705507637,1
8370082,16862681,1
8370082,34080203,1
8370082,69415309,1
8370082,41272328,1
8370082,19311066,1
8370082,90642314,2
8370082,6482142,1
8370082,27489406,1
8370082,34012907,2
8370082,33884545,2
8370082,76348185,1
8370082,21257491,1
8370082,14056708,1
8370082,48425735,1
8370082,127431090,1
8370082,22673951,4
8370082,60718655,3
8370082,280277633,1
8370082,11741452,2
8370082,720742577444646914,1
8370082,22891564,1
8370082,3003891930,1
8370082,24897739,20
8370082,14746298,5
8370082,293131808,1
8370082,722793491059769344,1
8370082,238676906,1
8370082,165080948,32
8370082,13532922,1
8370082,44725196,7
8370082,23232012,1
8370082,20219433,6
8370082,11742992,1
8370082,8150742,1
8370082,18891902,1
8370082,55445932,1
8370082,7753842,1
8370082,539699081,1
8370082,54604220,1
8370082,263269829,2
8370082,22650582,1
8370082,76027332,2
8370082,924776768,1
8370082,26840840,1
8370082,84183248,1
8370082,41362731,1
8370082,27649741,2
8370082,84122742,1
8370082,359943109,1
8370082,72717049,1
8370082,40080478,1
8370082,63225796,1
8370082,18426867,1
8370082,61771803,1
8370082,58520492,3
8370082,10688432,1
8370082,28610932,1
8370082,27078238,1
8370082,41668297,1
8370082,21156659,1
8370082,58500736,1
8370082,26775504,2
8370082,20961223,2
8370082,23628021,1
8370082,263562067,1
8370082,553061922,1
8370082,159124223,1
8370082,17235028,2
8370082,17052328,1
8370082,74568060,2
8370082,13135172,1
8370082,24890408,14
8370082,1600835352,1
8370082,14719662,1
8370082,14688489,1
8370082,71294756,1
8370082,22001132,1
8370082,15084925,1
8370082,16410875,1
8370082,59274071,1
8370082,450146278,5
8370082,785542200,1
8370082,332808960,1
8370082,97338933,1
8370082,361951203,5
8370082,14150360,6
8370082,350551361,1
8370082,24892146,4
8370082,17246827,2
8370082,15925185,1
8370082,26417304,2
8370082,291444486,2
8370082,17856665,13
8370082,416550063,1
8370082,518598818,3
8370082,26908347,1
8370082,33574683,1
8370082,19426729,1
8370082,55049166,1
8370082,25627237,1
8370082,49203393,1
8370082,595089814,1
8370082,14116807,1
8370082,19329393,1
8370082,16742694,7
8370082,8695932,10
8370082,733503668,1
8370082,284699908,1
8370082,721479466434891776,1
8370082,32589475,1
8370082,375897370,1
8370082,24024778,1
8370082,210550678,1
8370082,3343532685,2
8370082,61636488,1
8370082,18023868,2
8370082,197594920,1
8370082,15007149,1
8370082,33789181,1
8370082,248747209,1
8370082,14554601,4
8370082,159985941,2
8370082,214140394,1
8370082,563978579,1
8370082,14124614,3
8370082,144376037,1
8370082,24160942,1
8370082,533488344,1
8370082,576570182,1
8370082,82401329,1
8370082,16795212,3
8370082,1620840877,1
8370082,1596835069,1
8370082,286234486,1
8370082,463273562,1
8370082,26946495,1
8370082,31155288,1
8370082,502213011,2
8370082,168728822,1
8370082,128210898,2
8370082,20152737,2
8370082,17104868,2
8370082,46103575,3
8370082,555988289,1
8370082,78041747,1
8370082,234868626,1
8370082,27376142,1
8370082,16102909,2
8370082,105607904,1
8370082,17880546,2
8370082,156033712,1
8370082,84649002,2
8370082,26066040,1
8370082,40488905,1
8370082,1089784681,1
8370082,97750537,1
8370082,2591435706,1
8370082,2258978630,1
8370082,56763698,1
8370082,3414650333,1
8370082,244655353,1
8370082,213885261,1
8370082,19916171,1
8370082,141108912,1
8370082,16648790,1
8370082,38377651,1
8370082,15035484,1
8370082,110924703,1
8370082,404301223,1
8370082,1328281231,1
8370082,360724165,1
8370082,2332001568,2
8370082,92394644,1
8370082,155669457,1
8370082,2209920236,2
8370082,20436609,1
8370082,141405856,1
8370082,52180914,1
8370082,92581777,1
8370082,243271477,1
8370082,15753241,1
8370082,23783609,1
8370082,81502941,1
8370082,1652541,1
8370082,111141045,3
8370082,9300262,1
8370082,15754281,1
813286,15667802,149
813286,1536791610,103
813286,41144996,1
813286,78138151,1
813286,30313925,201
813286,1093090866,23
813286,2458567464,4
813286,86697288,3
813286,1613732948,1
813286,369505837,1
813286,1344951,1
813286,234826866,1
813286,5988062,1
813286,16686144,1
813286,18244358,1
813286,133880286,2
813286,1393155566,2
813286,15164565,1
813286,1861751828,2
813286,18920073,1
813286,15675138,1
813286,29450962,2
813286,807095,3
813286,3907577966,10
813286,703302487827058688,2
813286,325830217,42
813286,1249982359,1
813286,36771809,7
813286,1342861723,2
813286,970207298,1
813286,3108351,3
813286,28785486,1
813286,22162854,1
813286,595515713,5
813286,17471979,1
813286,19777398,2
813286,15485441,2
813286,31428685,1
813286,250386727,3
813286,708072909114318848,5
813286,34817243,1
813286,5695632,3
813286,22891564,1
813286,2893511188,1
813286,76348185,2
813286,14869449,3
813286,198959733,2
813286,28657802,1
813286,708466648643031040,1
813286,34713362,2
813286,9109712,1
813286,2467791,3
813286,166252256,1
813286,16664681,2
813286,1111940934,1
813286,14293310,3
813286,23561980,1
813286,15846407,3
813286,813286,8
813286,17134268,1
813286,29546945,1
813286,97739866,1
813286,15693493,2
813286,2425151,1
813286,379754341,1
813286,27673684,1
813286,315465682,1
813286,16674726,1
813286,87070315,1
813286,8953122,1
813286,759251,1
813286,1707321486,2
813286,44177383,1
813286,12266442,1
813286,14939981,1
813286,20196258,2
813286,205302299,3
813286,55117855,1
813286,336116660,1
813286,19923144,1
813286,1530850933,6
813286,21701757,1
813286,1135399020,1
813286,2207588833,1
813286,133448051,4
813286,1451773004,1
813286,829797714,1
813286,14780915,1
813286,14159148,1
813286,500704345,7
813286,23818581,1
813286,44682276,1
813286,1281405877,2
813286,15007149,1
813286,18215973,3
813286,13850422,1
813286,20696334,1
813286,1615463502,1
813286,8775672,1
813286,1330457336,2
813286,340333435,1
813286,115710058,1
813286,738709709608353792,2
813286,158414847,2
813286,2382117350,1
813286,32433037,2
813286,314216196,1
813286,36169080,1
813286,3281853858,1
813286,11348282,2
813286,65647594,1
813286,44988185,2
813286,2734713482,1
813286,80628196,1
813286,92291602,1
813286,74921459,1
813286,240778059,1
813286,1900694785,1
813286,63750387,1
813286,14615871,2
813286,369697377,1
813286,114863307,1
813286,14085040,1
813286,20457806,1
813286,37710752,1
813286,63966574,1
813286,32432308,1
813286,6753582,2
813286,14297868,2
813286,77764733,1
813286,1613223313,1
813286,455024343,1
813286,1604366701,1
813286,16789970,2
813286,34036028,1
813286,188001904,1
813286,19080617,2
813286,1670686340,2
813286,524396430,1
813286,66369206,3
813286,2836421,2
813286,49733381,1
813286,152142811,1
813286,22952132,1
813286,10685542,1
813286,15647676,1
813286,2347049341,3
813286,74669397,1
813286,882838615,1
813286,2273489065,1
813286,1283671273,4
813286,18036441,1
813286,10228272,1
813286,31947242,1
813286,21799851,1
813286,113420831,1
813286,67358777,1
813286,17045060,1
813286,50482949,1
813286,3187888216,1
813286,16303106,2
813286,67215899,1
813286,314037743,2
813286,262388975,1
813286,308573576,1
813286,16560657,1
813286,14199378,1
813286,16721621,1
813286,555269738,1
813286,1905230346,1
813286,338084918,1
813286,502281810,1
813286,2840712124,1
813286,17498747,1
813286,549771304,1
813286,33639255,1
813286,1077214808,1
813286,15888142,1
813286,3061782654,1
813286,72198806,1
813286,541158674,1
813286,1081962504,1
813286,146569971,1
813286,17967675,4
813286,16955991,1
813286,7713202,2
813286,95493980,1
813286,27048645,1
813286,1917731,2
813286,7744592,1
813286,247114704,1
813286,1278613015,1
1280991476,245397013,1
1280991476,2907983484,4
1280991476,791980194500313088,2
1280991476,214688373,2
1280991476,1624763316,86
1280991476,577698161,133
1280991476,861693786,127
1280991476,631506206,2
1280991476,21447363,68
1280991476,284073726,35
1280991476,21440163,1
1280991476,124003770,1
1280991476,171682388,1
1280991476,769343266395422720,1
1280991476,488561453,1
1280991476,589016496,13
1280991476,158670570,3
1280991476,151451564,3
1280991476,3034326774,43
1280991476,702541542884511746,1
1280991476,2428506518,1
1280991476,713672491185483777,1
1280991476,3052352288,18
1280991476,302387949,68
1280991476,80655102,1
1280991476,2780473868,7
1280991476,1555329991,7
1280991476,2929181438,14
1280991476,4863541898,11
1280991476,2235665528,18
1280991476,789329096194994176,1
1280991476,422981065,1
1280991476,1478661360,1
1280991476,3035583918,93
1280991476,272906690,1
1280991476,806105474156244992,8
1280991476,2989159728,43
1280991476,1409415222,1
1280991476,2692810572,6
1280991476,1310123965,1
1280991476,572225652,2
1280991476,3062469632,47
1280991476,4507242972,1
1280991476,999748736,4
1280991476,2820047257,2
1280991476,354823590,2
1280991476,215825897,4
1280991476,544187255,7
1280991476,340271962,16
1280991476,9695312,7
1280991476,574298292,126
1280991476,120700595,5
1280991476,2323635024,25
1280991476,2906967792,21
1280991476,268414482,1
1280991476,303256256,17
1280991476,216313371,24
1280991476,2399725423,1
1280991476,2982406886,6
1280991476,2852876582,33
1280991476,4859109264,34
1280991476,707222363918565376,84
1280991476,3284991504,17
1280991476,333439624,1
1280991476,271264274,57
1280991476,106344746,12
1280991476,278536313,2
1280991476,751987039189467136,4
1280991476,773875240036433920,26
1280991476,469493025,47
1280991476,2400802998,6
1280991476,31685653,1
1280991476,564627340,23
1280991476,115369534,9
1280991476,40415615,22
1280991476,283558110,4
1280991476,4803144524,1
1280991476,414729528,1
1280991476,733353047498182656,1
1280991476,249133899,1
1280991476,2495934535,1
1280991476,24925573,2
1280991476,4689692713,1
1280991476,76604016,1
1280991476,19923144,1
1280991476,428165309,7
1280991476,85511768,1
1280991476,1696656696,1
1280991476,786943070,10
1280991476,3188272567,1
1280991476,17602896,1
1280991476,462489802,3
1280991476,353599593,28
1280991476,2892985942,1
1280991476,160555528,1
1280991476,342013460,4
1280991476,2928008021,1
1280991476,732647450,8
1280991476,3089322240,6
1280991476,231413621,15
1280991476,415453852,1
1280991476,75195234,1
1280991476,36806880,1
1280991476,254098644,1
1280991476,187767289,1
1280991476,1289612966,1
1280991476,3281998848,1
1280991476,21560677,1
1280991476,2512962235,1
1280991476,737935749870276609,1
1280991476,62213742,1
1280991476,79293791,1
1280991476,310702959,23
1280991476,1187647735,12
1280991476,785339410954936320,1
1280991476,1441256486,9
1280991476,729411991299727360,35
1280991476,2958642883,10
1280991476,735079918741004288,2
1280991476,548992277,24
1280991476,501583715,2
1280991476,114174919,1
1280991476,4429003533,4
1280991476,1619726281,17
1280991476,2792162887,1
1280991476,118245150,2
1280991476,1394105149,10
1280991476,280941980,1
1280991476,3458443334,12
1280991476,1221151158,8
1280991476,769751060021780480,1
1280991476,4700397733,109
1280991476,2333144076,8
1280991476,714077263,1
1280991476,4197984133,1
1280991476,305832540,1
1280991476,149853447,1
1280991476,2437090574,23
1280991476,499762103,10
1280991476,88886265,1
1280991476,2689448563,48
1280991476,277427737,9
1280991476,487620060,1
1280991476,43761917,1
1280991476,100220864,1
1280991476,474763492,5
1280991476,53338746,2
1280991476,2302088053,1
1280991476,2564673415,1
1280991476,157934769,1
1280991476,2520240374,1
1280991476,1416289596,2
1280991476,116646277,2
1280991476,118552439,2
1280991476,45319984,1
1280991476,394683791,1
1280991476,2818142172,11
1280991476,167435064,1
1280991476,424781202,1
1280991476,446835052,2
1280991476,318871110,1
1280991476,375245154,5
1280991476,716509424458698753,1
1280991476,2611573453,5
1280991476,418456286,15
1280991476,3145777644,1
1280991476,3090106652,4
1280991476,227902962,1
1280991476,63701775,1
1280991476,761228329810661376,1
1280991476,3185074692,3
1280991476,157376297,1
1280991476,4759795017,3
1280991476,371589987,4
1280991476,64569602,1
1280991476,2717254872,4
1280991476,324117545,1
1280991476,2716997492,1
1280991476,374209360,4
1280991476,1856471300,7
1280991476,780845128806117376,1
1280991476,1020807216,1
1280991476,1958448686,2
1280991476,940437936,1
1280991476,40190370,1
1280991476,2842954795,1
1280991476,16331010,1
1280991476,305702329,1
1280991476,1690434054,1
1280991476,323126728,1
1280991476,525441168,1
1280991476,161215620,1
1280991476,210258170,8
1280991476,1280991476,10
1280991476,3036536652,12
1280991476,15872418,4
1280991476,742040143,5
1280991476,2217530371,3
1280991476,774421931139276800,3
1280991476,702715502,4
1280991476,607932930,2
1280991476,2628362171,2
1280991476,3275057102,2
1280991476,785957337899032576,2
1280991476,3872843061,1
1280991476,3013026601,8
1280991476,271285292,1
1280991476,49268407,1
1280991476,2157752540,36
1280991476,14230524,1
1280991476,215537170,1
1280991476,2909817873,1
1280991476,343194413,7
1280991476,18286505,1
1280991476,169686021,1
1280991476,27195114,3
1280991476,380648579,1
1280991476,1636590253,1
1280991476,89423854,1
1280991476,2365419552,1
1280991476,14293310,1
1280991476,511223029,1
1280991476,2354128850,2
1280991476,3146829162,1
1280991476,824620201,2
1280991476,346963660,9
1280991476,485548675,5
1280991476,367498015,1
1280991476,214112621,1
1280991476,7428362,1
1280991476,81743291,2
1280991476,483443956,1
1280991476,1346920777,1
1280991476,22745684,1
1280991476,1038700573,1
1280991476,154280902,1
1280991476,776841467113328644,7
1280991476,2754838562,2
1280991476,705603729899130880,1
1280991476,46134061,1
1280991476,909572510,1
1280991476,36746176,1
1280991476,45709328,1
1280991476,159225370,1
1280991476,739836760948117504,1
1280991476,1308555452,2
1280991476,476634454,1
1280991476,715008938517770240,4
1280991476,4384594762,1
1280991476,4830544253,1
1280991476,800318364744716288,1
1280991476,16548023,2
1280991476,1316271104,1
1280991476,2821332738,1
1280991476,3254953922,5
1280991476,752663370,3
1280991476,2520536029,5
1280991476,405728790,1
1280991476,2202479773,1
1280991476,147305691,1
1280991476,589646492,1
1280991476,61003804,1
1280991476,387737444,4
1280991476,3189898080,1
1280991476,3112500937,1
1280991476,517213136,1
1280991476,366991424,1
1280991476,2697234068,2
1280991476,150991470,1
1280991476,14955353,1
1280991476,2343531294,5
1280991476,568098094,2
1280991476,283346309,4
1280991476,89137989,1
1280991476,2712662124,1
1280991476,3214414929,1
1280991476,211228546,1
1280991476,4827939218,2
1280991476,72792891,1
1280991476,58670110,1
1280991476,23375688,1
1280991476,403346498,1
1280991476,839923531,1
1280991476,274607094,3
1280991476,216444984,1
1280991476,26585095,1
1280991476,2489501586,5
1280991476,43509906,1
1280991476,1363839193,1
1280991476,66372670,2
1280991476,2311849074,4
1280991476,395623179,1
1280991476,518009877,1
1280991476,752745771804483584,1
1280991476,2476849332,3
1280991476,46824381,3
1280991476,2940199730,7
1280991476,17919972,12
1280991476,28201743,2
1280991476,3278809183,4
1280991476,74409069,1
1280991476,15623423,1
1280991476,766165090475343873,3
1280991476,2373902707,2
1280991476,1479701029,1
1280991476,145528167,1
1280991476,4691899903,1
1280991476,711998202,1
1280991476,4629725593,3
1280991476,707555000285683712,2
1280991476,148649217,1
1280991476,561845305,1
1280991476,321970500,3
1280991476,1258266816,1
1280991476,186342425,1
1280991476,115514485,1
1280991476,3196969434,1
1280991476,854562236,1
1280991476,223846397,1
1280991476,118399431,2
1280991476,718385651293495296,2
1280991476,20196258,1
1280991476,1339835893,1
1280991476,8370082,1
1280991476,237293787,5
1280991476,850515312,1
1280991476,2632716033,1
1280991476,41304326,1
1280991476,113897988,1
1280991476,757524675291328512,3
1280991476,3060913774,1
1280991476,247995233,1
1280991476,301743721,2
1280991476,554408921,1
1280991476,4319540832,1
1280991476,1394290854,1
1280991476,455569571,1
1280991476,521345049,2
1280991476,293492212,2
1280991476,3324024114,5
1280991476,744529250,1
1280991476,89018574,2
1280991476,617903162,2
1280991476,2180335638,2
1280991476,285451726,1
1280991476,302629534,4
1280991476,19166198,1
1280991476,74580436,2
1280991476,532052613,1
1280991476,43270746,1
1280991476,2342633292,1
1280991476,553507606,1
1280991476,395672999,1
1280991476,3016451417,3
1280991476,25479814,1
1280991476,45335521,2
1280991476,521066184,1
1280991476,135957757,1
1280991476,221952464,1
1280991476,157467084,1
1280991476,28265228,1
1280991476,3957903886,6
1280991476,3577241299,1
1280991476,604242812,1
1280991476,293932241,7
1280991476,751398639101054977,2
1280991476,109498457,2
1280991476,144083497,2
1280991476,61192003,1
1280991476,266264992,1
1280991476,95835083,1
1280991476,4518843796,2
1280991476,50517206,5
1280991476,111252689,1
1280991476,25589776,1
1280991476,2239191534,1
1280991476,3426800476,1
1280991476,752901091549863937,1
1280991476,1192834452,3
1280991476,7745002,3
1280991476,2974689132,1
1280991476,2419940917,2
1280991476,2288028638,2
1280991476,150178004,3
1280991476,7744592,1
1280991476,216276097,2
1280991476,17446621,1
1280991476,3012903365,1
1280991476,3723675076,1
1280991476,16409683,1
1280991476,2934938957,1
1280991476,2233651936,1
1280991476,983437980,1
1280991476,730245408350474240,2
1280991476,228507700,2
1280991476,86432824,4
1280991476,44092950,1
1280991476,701931841884807170,5
1280991476,372277688,1
1280991476,1587470478,1
1280991476,2372966803,1
1280991476,565171682,4
1280991476,18625669,10
1280991476,225682555,1
1280991476,366999215,1
1280991476,2939408539,2
1280991476,304990377,2
1280991476,309502110,3
1280991476,710711316,2
1280991476,1402118041,1
1280991476,735871481658281984,13
1280991476,237638517,3
1280991476,724092517432446977,1
1280991476,4281670155,1
1280991476,1430973026,1
1280991476,387083547,1
1280991476,25967168,3
1280991476,2880502561,1
1280991476,54907431,1
1280991476,585393742,1
1280991476,2182284146,2
1280991476,236699098,1
1280991476,2148844530,1
1280991476,2411065704,1
1280991476,544056568,1
1280991476,99402071,1
1280991476,2940882906,1
1280991476,1323757260,1
1280991476,1355735623,1
1280991476,701448334234353664,2
1280991476,4565838080,1
1280991476,150599587,1
1280991476,582810343,10
1280991476,304796458,2
1280991476,24335624,1
1280991476,90114686,1
1280991476,27260086,1
1280991476,200505030,1
1280991476,39701585,1
1280991476,1479174270,1
1280991476,1433803219,1
1280991476,789757674745397248,1
1280991476,443216748,1
1280991476,493897604,1
1280991476,435372214,1
1280991476,42406662,1
1280991476,4673725129,1
1280991476,1391733912,1
1280991476,594573154,3
1280991476,258229373,1
1280991476,141220989,1
1280991476,3222141155,1
1280991476,2734266390,1
1280991476,390860562,1
1280991476,40596741,1
1280991476,3976153997,4
1280991476,470203050,1
1280991476,310228360,1
1280991476,328323165,1
1280991476,447300701,1
1280991476,284291853,3
1280991476,18055737,1
1280991476,561276414,1
1280991476,290437733,1
